candidate_key,distribution,split,kappa_slow,theta_slow,sigma_slow,rho_slow,v0_slow,kappa_fast,theta_fast,sigma_fast,rho_fast,v0_fast,parameter_vector_hash
interior_train_000000,interior_train,train,0.45794598568811939,0.05297821442199753,0.14768669633853584,-0.51547677505749989,0.10230494777251696,3.5569341043618929,0.019756949531882874,0.10255765360434538,0.33874079932314755,0.042440854389833214,77336bcbb77d3896575859b4c151ff546d8c4d85ce0a15d68fc3b97b7bfa8588
interior_train_000001,interior_train,train,1.2313661602719082,0.10655325040900906,0.22330930379658823,-0.66048296938035655,0.079305765148640239,4.6117611219269943,0.078848727427005744,0.38975593535904618,0.065051894547778419,0.070633216352984196,618681b1a0651309268ec9de28408f16e139d403833a946ff4795f7f78c97171
interior_train_000002,interior_train,train,0.51779716339652604,0.11077476392559624,0.26729311456219146,0.11114386219838987,0.061277137834598677,5.9812545795319618,0.024769062844929288,0.22106488776767697,-0.22950468602333529,0.024872344423594234,eae4df2ea352b1fbe2d38fcf3190f0ab93cf5488f0b8ba62bf44dba7efb3f624
interior_train_000004,interior_train,train,0.90055620619707333,0.081786485467549103,0.24701948968875037,-0.3420792694555011,0.071704481365968978,4.8849825456652827,0.039695996087681373,0.22537756535877126,0.29553750944649199,0.048493230232407432,affee5c97fc3635353ef4790efa20b109252bb0a311fd8a4660f342f777592a5
interior_train_000005,interior_train,train,0.82545195252115411,0.029033196034829345,0.064532247747087337,-0.040360018572752933,0.14400780587805012,2.3444862783944367,0.038387661101902122,0.297170299019197,-0.22441689534709475,0.081478982894888807,e02058737957b1d9a849ef1acadeb9739fa4e14da7d253b694a20b393557e524
interior_train_000007,interior_train,train,1.0109980678292709,0.042084432368390573,0.1543437876589753,0.17165112650717373,0.07772194854723144,5.969016754062423,0.033578081637649096,0.45952498474901488,-0.30628468892778077,0.088653196582844984,175605f7172597cd593a1dbba0d42fcc8e540fd49fe12fb34eac18b23a4d22c4
interior_train_000008,interior_train,train,0.76271339184375564,0.095503143518864353,0.19126450457359798,-0.24141729882379254,0.11620944387151359,2.6700543688692679,0.079857972332638139,0.23718966135753253,-0.52600726379880958,0.059580388636814315,68d2028197973c6af040840fa415ea5f747b0e5aefa47f302fdf263ceb6ffb18
interior_train_000009,interior_train,train,0.40735220911953474,0.074796100398970167,0.063608192273511707,-0.33324334113622489,0.10892649295551564,4.4083510431160633,0.073349219102708391,0.54142372863945953,-0.23622924428464126,0.025823372808457541,7a25709c6324186e03d6fdff9b933d7be5244c6f43f5b50d791ccf630c970d4f
interior_train_000010,interior_train,train,0.99439829783477451,0.091202054079821265,0.19423341305492975,-0.30988006188831568,0.070947528418680753,5.8083074635450362,0.013932384737273542,0.18192986361347577,-0.017130019068871013,0.091120083679958275,1f9e57ee1e052669b117f86884d1bd42c2a98208df39dcd5ef3e164879787207
interior_train_000011,interior_train,train,0.55125137270890934,0.029278836526798174,0.1168475477657164,0.14920810864781622,0.084613889378370416,4.2920499604750946,0.01694601665098066,0.27006992909932764,-0.44140589724958013,0.067824231910221716,0015c27d80626a8e63be2f33edca97971f7f38d822ef166e63b2703daecc2408
interior_train_000013,interior_train,train,0.56086610042288287,0.079101683476130627,0.092094872844545927,-0.20860872954528911,0.13195908658606278,5.0701613823226586,0.052969575709922008,0.32044556138292285,-0.22215939200127374,0.056571596528136106,ad38547575154ed8a1dfdaf457f950bbb062bea50c9d0d9b21bce645911bb5a4
interior_train_000015,interior_train,train,0.38569748875415899,0.041416539168498315,0.075123077251322834,-0.1392489491653694,0.10758882350593159,4.9074897136041145,0.01190575318032403,0.1254435570649664,-0.35853026562460177,0.038728483063419923,ccc9fa0b0fb1a0f90e9b442405eefaddeff2d9496052b7a831c8bdf48c409b4f
interior_train_000016,interior_train,train,0.49095722205213854,0.11360591501238251,0.22273631270604649,-0.32295679847712594,0.13492352652611028,2.8179886337893691,0.024424097948465655,0.1438149094715036,-0.58253582048190911,0.0724145529397279,e313a2adff1124bd45cd4aab9b1e581ddcf6585c22e5c037476b85524ad996ce
interior_train_000017,interior_train,train,0.80035536997382639,0.079661947067216882,0.11812043864981148,-0.72507486217578399,0.094728010818590433,2.6641314185267895,0.036594164824816297,0.33396447883667207,-0.071413640714695401,0.019707716686253221,c159dc39f5780c54ba74443d6fa6d99902cdf17f928efbe280562f59da6bc845
interior_train_000018,interior_train,train,0.51143459991170714,0.039797195688941293,0.13700793283184157,-0.66513610190114947,0.021035205244049046,4.4876424825338201,0.053750209913854756,0.33527044750431489,0.22199690481154705,0.039312651290672712,8c2e7d3abacaf9e36437a91c74e81329d61ee1c373a3ac88deea3b10d36c35aa
interior_train_000019,interior_train,train,1.2584606542118715,0.0981185122575505,0.23522427336797347,0.049101162546797014,0.10710566698529765,5.2718392765727051,0.049175974919603578,0.37377556503016784,-0.098485900058914902,0.04133807568893489,c13c714fe1f544e2dcc2a64ed3e4b5361a2d291fc17ecb3a390966e7fca8f75e
interior_train_000020,interior_train,train,0.3704085614567455,0.028219573929807999,0.094659902308821417,-0.22619694997620746,0.11527594309241632,3.2180541529028774,0.077326009743180116,0.33491882319126709,-0.36458518898878406,0.062410527336974629,574dad023cb72c0fc4fc746d1051393fba4f6fd63ac36840f4b3c35466fcc688
interior_train_000021,interior_train,train,1.3103626715804702,0.049455418475341288,0.14817769432821645,0.11312651199314998,0.13121789646845594,3.1786937215889965,0.052447316254877842,0.23247546195760421,-0.25520932175137667,0.068603189958260063,e6ae170ddbb2ddec47b048f00ae17ddb2d6c1ecfc4c22208962d2c13d2a34568
interior_train_000022,interior_train,train,0.65747052073744672,0.068666013192206082,0.09101024793214714,-0.1567355288473406,0.082490212628801504,3.4798541070592481,0.055172515764287555,0.2093825507911756,-0.17507802042866852,0.088986736681764156,5e00d20ccc74d38b761b240f020d50cf451230bb77a9f2dd0c57a4fdb03d1099
interior_train_000023,interior_train,train,0.9550690507719688,0.066252879569004802,0.14552622853573299,-0.49673386734227259,0.029474384840715032,3.0402390075482986,0.040050625592579617,0.38908668908918165,-0.48468938737037998,0.066122052569291906,b4caa8a83d1f108d4666ea73c80fcd0a0189f72f0e325176246100279a4d721f
interior_train_000024,interior_train,train,1.1052360407618607,0.078071145664625502,0.21996263063916111,-0.44547219553112982,0.030284151699538676,5.9186476934013346,0.038700975356030627,0.27753019028736853,0.038017587834929374,0.016055765719304199,7d384b199dc3c8d6c23e09ab12a46fd7ace80524d139480ef0d2e9715c8c3086
interior_train_000025,interior_train,train,0.67635780493342934,0.030031152065346914,0.07226634692709373,0.13536986556397151,0.021833811465215791,2.3192929288487947,0.053270518744282243,0.36798761808582736,-0.02263417183010915,0.074844847435344614,1230efd89c2b41a0a039219e092a16e2d412f561b496486043d87bc77d2dafc8
interior_train_000026,interior_train,train,0.48558996151095624,0.044121313336823967,0.059028522866994025,0.17673404354445116,0.10966708738889391,5.391177510047001,0.034915096424986809,0.37620735891201035,-0.52549232436356086,0.025289551697916739,b0357d9efff6b421e259d8a1780af54db241c61395002a5e114bec83b8206d05
interior_train_000027,interior_train,train,0.50393192481917803,0.10217524182697824,0.13258225256094347,-0.70853007426640302,0.025739840693137089,2.9771795492534001,0.056285330669160687,0.19788583089646264,0.021744253037781196,0.085406286421177785,dd76da49e6f3c3df74474b60ff7688dd5144be1310450ab2dcb925042ca03ba2
interior_train_000028,interior_train,train,1.0844298822533494,0.085425396064922207,0.34160554075181243,-0.10627283977149933,0.070007459990760829,4.5537063479055924,0.052564140467897688,0.35744490850152211,-0.48543128424766924,0.058390759557567042,ce2d792ff0a0bbdc49ef75f29cfc520a3a045c03c29c1043a04de3530ebb60f8
interior_train_000029,interior_train,train,0.41560475777578088,0.087490315026807181,0.10089668531074757,0.063846683214986572,0.11372475754529009,1.6455169537783279,0.026826444248515789,0.18699374757596704,-0.28432219171446049,0.08938417012497904,40ada7e576773cbe120c7596b9d59767e9a579a512575abc76412186c5ffe1d9
interior_train_000031,interior_train,train,0.83204021416336049,0.10107528990084805,0.2301246000804848,-0.19519034554254908,0.10405277544704783,2.5126099522445617,0.012088787605883658,0.091766138220103155,0.3343185787709631,0.069922317746170887,f3ffec9d71c2ece5f0dff349b1bbb75e9cd6a64eb0bb8a2cf500dba0a3422d33
interior_train_000032,interior_train,train,0.97920399342795061,0.11477659053752601,0.32745312408659577,-0.15832353364796847,0.028587630991355299,3.5008490420937148,0.039090813141710333,0.26933508245348203,0.18670289469064857,0.081916802304147163,6b12498d33e5cd604c0cdd773a81ab47c1854d50acce08aa70a12d7e3197166d
interior_train_000035,interior_train,train,1.3900982789003284,0.076948533742511926,0.36028191283963179,-0.14519950709354967,0.055800931831310019,3.5638030941741583,0.076254871733099111,0.31149405583264478,0.0082499911245165758,0.019858167815428842,42c29e59c4f0344374b595ca761c1b8036f3d6a008403212ee60c1a32741fd13
interior_train_000036,interior_train,train,0.8384505475342765,0.090208634479029493,0.24656884567338211,-0.56220944328468869,0.059046875521469422,2.8069754605313815,0.057563620773530021,0.20403484469129626,-0.32593470230368443,0.080828496308652797,647c6d6c54c84fe20ea5b582abf64afe6258d388c5a277031f9b0075f3963a49
interior_train_000037,interior_train,train,1.2901003998328808,0.1114111453427313,0.14704524073712141,-0.70438057424238543,0.068663075422414552,3.5552793983071442,0.074383892657712933,0.46048680891463933,-0.14629845732372704,0.08977569012824943,856f9241ed96eb5003a48828e2f9392d12339f43a70ed05433711a9bfda3df58
interior_train_000039,interior_train,train,0.39898234759501261,0.089613499235174893,0.1018088034244425,-0.22254517690835288,0.13233039148643072,5.7112307351500569,0.049713730178325206,0.44106393876839056,0.038615251317890266,0.031207166626573749,7cbd1d0ec5ae8270613735e1dc283c5ae86fd8723bd2284cf1d4110175f1033d
interior_train_000040,interior_train,train,0.38451762791482508,0.070795771761208631,0.17135662760462841,0.0863805729573041,0.11293100893196727,4.092745765918016,0.023047065638396813,0.21538357163737035,0.13457578712680421,0.078964317122393407,17de36be2699f9f660e9b9d7dc198381b3f29967b0fdf134f279b70e417adcaa
interior_train_000041,interior_train,train,0.82231625235100902,0.11815953442630395,0.20396845132123145,0.19579318142260482,0.066732901355395446,2.9679991942949551,0.044954632922175816,0.15312207422298824,0.31612124059892033,0.021792175060249622,d25b69a4830f860cd5b67a39a33b920ec0a6e41d5bf7d2581d83d19687bba271
interior_train_000042,interior_train,train,0.84631521585587599,0.035013469497543505,0.16280398971046192,0.15175772908050097,0.062099054209968751,4.2268238603753705,0.014328990736229251,0.093032898068036621,0.11620142103869217,0.051474986776768886,f4ba141d20a1be8438106f6696f5befc1598f5f4fb8f7ba986722da15ab38243
interior_train_000043,interior_train,train,0.8123393646345487,0.068391791526647872,0.12595188778312724,0.081510506410053196,0.060672752082553461,4.7728191809109175,0.033999845838930537,0.1748323595849581,0.14675965105761823,0.018411378500840368,249905f881dd86884680257d062292e9301edb9a11d3ca5294c592808059d3bd
interior_train_000044,interior_train,train,1.1986633085271581,0.060678743535946253,0.20467133233883533,-0.37858097132710955,0.07401214835235681,3.7472156130130787,0.041980314439500302,0.27500266953955504,0.035235743222943518,0.099864022409543007,419be519af2bd2ac7bc04a6e7e7acc297631db644ed8edc200c3114bb26ad604
interior_train_000045,interior_train,train,0.33181206844018757,0.046105337093316288,0.090762401964495906,-0.015936351310662889,0.052165113226705237,3.2480695412527174,0.051411913546528541,0.32179352095917008,-0.069716075473609598,0.037447200063114416,b62ba28b02b09db93ff3a85690a35952dfa7ed724ae8d556c45da6fbe5830563
interior_train_000046,interior_train,train,1.0885130934026994,0.084768987915425226,0.13266264153182616,-0.066196080746363642,0.11943486936868369,2.3166228718394186,0.016343825957419976,0.1916536686153647,-0.1091087294481793,0.037356372242186124,42ee8cf96123706becca3631b1f0ba257152ab2f4fd937320c7201d8a0623504
interior_train_000047,interior_train,train,0.30338019179862774,0.059403538439229638,0.14239145442599668,0.014506937156336368,0.046097366165155126,3.9132685989123881,0.05734688894748069,0.48266285580206336,0.23912598141854691,0.022011590641897283,bdaf8101ab79ac9866d12c55adc94b1a6db58ccf73202aba12beee4d3eb6d09e
interior_train_000049,interior_train,train,0.77706414789259548,0.071740447644989852,0.16908758390796058,-0.091648391733229168,0.12198574407915941,5.4027603493710865,0.070423860330179444,0.30774635070961842,-0.48196387161899312,0.091972570298891998,edda67a388f2dcb53ef393f9f57751cd5a356f802e744b81eca270b8cf827838
interior_train_000051,interior_train,train,0.4193224579008239,0.11793874281154365,0.20568819378648681,-0.036395467565185184,0.084063455084151459,4.9840427322251575,0.018138632608781693,0.29460596089049307,-0.21463558787073797,0.078649341893817948,2c89c79f1c99be9564c5f1c64e890d5517205d25e573f6e35e56e46f275a0631
interior_train_000052,interior_train,train,1.3681178987833744,0.056251253257957948,0.22370090060341388,0.067752786358618713,0.080047261700509006,2.6787327874308438,0.057094830984549913,0.393541793048652,0.01891766474360148,0.055830323408296828,33e79de5ae06ee13120696ed7b5eabba15ed4401321729d54c8184ccdf7b8db8
interior_train_000053,interior_train,train,0.37902117973172161,0.034185531001633462,0.079595582028000711,-0.64915845242505887,0.035796080237483138,4.0062080204916084,0.070579693305288835,0.46304012967291891,0.19909695446653444,0.04542909774486701,8a4458f006a699cecbcbe0dce66a4ad228e71d0df118304a773ded2627e30a0e
interior_train_000056,interior_train,train,1.2798254876416184,0.042503651771011904,0.11356036746411623,-0.22956960243313732,0.053764172777042929,5.8601779462386734,0.051881717087359197,0.22097811108101295,-0.11754879692816442,0.062750616988333729,98308ad4f32fcc2d67720edb9be85841a314d695b5d57d279912e0b5a736c9fd
interior_train_000057,interior_train,train,0.96483281051140435,0.04286034037865917,0.18211017691536466,-0.20531679932397504,0.14166482455329574,2.2495287324736495,0.021846636995025159,0.10761202242031331,0.074887765179201871,0.029583225367697964,ddccb7b1717a156a82a19ed7e1c376e8c1d873dd1f1a848a648fe1963256ef98
interior_train_000060,interior_train,train,0.96079377910189612,0.055750214242659954,0.19897318508474493,0.012364549119237877,0.024615444747434018,3.78009283998668,0.069763048034858346,0.4226217569430879,0.17883613465587939,0.035613047380390173,93ed9f07b17813f4ad5d7290307129e16a3bd53df9ce39ec7aa7bd368cb397ce
interior_train_000061,interior_train,train,1.271558144191451,0.09934505456800613,0.21038696502451706,-0.026624158382518019,0.12780446876160662,3.166159623470632,0.069072035218801592,0.48766241691457979,-0.5594570366124908,0.028287461242445435,14bfe9d1a8d9f64fce81c560897a096dec9a4c7543106814019ae35fa896740a
interior_train_000062,interior_train,train,1.3625878563499449,0.0861146149682636,0.18524889399378952,-0.33757470483093577,0.034400883819589209,4.5392467647458137,0.065374578279358136,0.45921742606099031,-0.16284089324375231,0.015665899239087781,2900642e3a60580fc03c322346337a9a2c9adea2b9b61cefe0a3f391b392c4e0
interior_train_000065,interior_train,train,0.62265135624323775,0.038734676958856212,0.15716680502527663,-0.15945536475236324,0.050988846353826014,3.9520545720906854,0.03002239184160204,0.25473575212533994,0.16955236353199551,0.092725895765944533,c743c550fad31adf1dc2c2605418526b404a3d52013e0b733e4add74e649f081
interior_train_000066,interior_train,train,0.94066902979698486,0.069533417537108178,0.28047401632270269,0.16390482831632336,0.11192441340117082,2.3039002814420826,0.053996646450787278,0.37520559377264345,0.029607087458121115,0.070179771748513878,3dfc2355828a9e8bd74d513d1057da683bf96c15466027fba8d8cb3dbd8b8f36
interior_train_000067,interior_train,train,0.70612825487287401,0.074174266138036418,0.21302411990318959,-0.71094387163459638,0.074379200644569307,4.4481852802786026,0.056732838902469898,0.30230802950153401,-0.088240197804229023,0.060030054485221404,704cbc57c3abf052ca34368be0d6d15358ae8373b7aad1d8a2bb3a9c48362f67
interior_train_000068,interior_train,train,1.2207146941825193,0.11526341054950487,0.21426856714409775,-0.14151924093073232,0.1009237876972056,2.6580877287550466,0.069456369625114103,0.26542980299607855,0.06195351722727202,0.038561900066030982,204df24cac71307ae9e060f03775c03eafd78088bb2dc3d5468539a0f594904c
interior_train_000069,interior_train,train,0.32247701428279885,0.1072063555789933,0.094766505504999696,-0.56707828539885186,0.072288320926594679,3.9920766143663373,0.043727722591840275,0.31953463321435277,-0.24411708603994317,0.053867299860660738,5b6b34bc93f29ebd314a4d573b5f46516c6f81a54f21b66efc051a7db0259ece
interior_train_000070,interior_train,train,0.35446255598078019,0.11050509022884536,0.17930163321144471,0.115977239730591,0.032869502554717725,2.2793099065560192,0.06168179028901067,0.22172165833389279,-0.35937818547321154,0.027249987070635934,c1dadd0bdcac80921949acb262618a02a8ebd2e99ae9d5ed2741ae2ca0f0e5a4
interior_train_000071,interior_train,train,1.2623864358357928,0.10713481408054848,0.35277572050250339,-0.20542965072362421,0.074945943212292698,4.1898773661519844,0.027864188055218182,0.3781439197260037,-0.085276402175595234,0.072182409437208161,bb12b8bfcad2e47b915d0af9faec33c5f43c8b810273d39823ae0f8ea0234dce
interior_train_000072,interior_train,train,1.2336428831650119,0.089081199988131299,0.11848105791971332,-0.55673982312934345,0.034010252096016123,3.1453257512453696,0.033323701607494982,0.26840772455141992,0.20161642786500508,0.085880978913282141,b318e0a66d3f77eee7b6cf8dcb43790e87688b667fefe624e821a305decd9b22
interior_train_000073,interior_train,train,0.87338036624965287,0.058138660764161319,0.18601452766342208,-0.36276726166561468,0.036578619785300248,2.8199603874110029,0.047308853414407062,0.21016893196725503,-0.54745284858340526,0.091414593396326099,cded49be64068f829199a1c64a7098f67323a7f4b1a81c583e948a3ebdb4fcdf
interior_train_000074,interior_train,train,1.0038859163224061,0.098150728353640693,0.26651878563052173,-0.34066372576244647,0.14704893301974892,4.8849548415277546,0.019164101583160217,0.32822500009307681,0.13866479030491774,0.082494869078573563,8d70d6fa69b696890f4ecd8118a38124532cf54cfe2b2db9c2c29aef88f80201
interior_train_000075,interior_train,train,0.95418413816829872,0.086430508954418395,0.1886076080894295,-0.16254074752576186,0.025199199601580926,5.6055623588867451,0.031450722852844025,0.38697251004135425,-0.19498742733884591,0.088762345811177507,717fd0d779db147fd0a3b7bee965cac56c853c3d3300840a3e834706cb1a88dc
interior_train_000078,interior_train,train,0.34556575013593921,0.040262758317033423,0.11762212048421955,-0.31615484721117221,0.12888531394210098,2.0867203146076965,0.055547252470362581,0.3611985216728511,-0.087752943126727281,0.03036756271097989,9e357df66ec1ae48ef219176dee2a0e5b8e69ed21d4e6ceea776e680a29b0ece
interior_train_000079,interior_train,train,0.68983986365273497,0.029517140153555742,0.067816550386926064,-0.47809093266490388,0.14201776862201668,5.8772792347544289,0.019501326656651101,0.36358458696053753,0.3110322692619773,0.043940820471429422,bff3ca4e6cdd3550c6e2c0e9bf49c1d0bf22c7cef3ff7a252af1582e9d4206af
interior_train_000080,interior_train,train,0.64811305083279058,0.041809052609103468,0.096997222302018932,-0.057969697810936263,0.083895251257576867,4.1626138157783625,0.075272165484770004,0.53187781893653074,0.054685364457160601,0.015915580592122877,73f78667c2aa9a18ca57aca07b8633d43568f8c94b0e44b5e026f362b1676930
interior_train_000081,interior_train,train,0.4818723853456427,0.10037331088600368,0.11291203340762732,0.15268778377100942,0.020219642933569853,4.5567313895427244,0.03167986403888224,0.16354697447347818,0.34092305294101444,0.091698269978509522,3087b40ec1a35d5f22e615d9a4f76a339c39f12ffae362ee4fb8402ffa1943ef
interior_train_000082,interior_train,train,1.2524818648046037,0.035578550934499603,0.21724223998316636,-0.18081025545067878,0.045987589622084914,4.9402267161807689,0.054164302085899826,0.22128237079335319,0.23916211753516892,0.02620773348338146,5e78d602cbc24733740d908bee30cb09b1a631e3496e2c0f96863e5fe20399d6
interior_train_000083,interior_train,train,0.74993819156037,0.11595498317139974,0.18588917079020997,0.17835029609374944,0.11809374289140233,4.1166485464192011,0.034800843272058464,0.32321421335542244,-0.16264672265400612,0.05811607028710894,9fe3f414d1889928644cc1bf9dd973124002c36938ffa89200a970ef1bfdc6f9
interior_train_000084,interior_train,train,1.1668470524151513,0.086891425377985332,0.15363211008224451,-0.26918542455330152,0.14753136912162065,2.8927955820244629,0.045634681047202239,0.28116112345663336,0.32494248199626075,0.051201512641742518,2a7e3aa57bd547c758b0d5754db87cf8df5ba93b2763faad112a7cd464e7bcc6
interior_train_000085,interior_train,train,0.34890365332654383,0.044711581050972823,0.13301772988301871,-0.41428047584962602,0.032353876723422999,1.5654081848369148,0.075393637583278439,0.18405143081701542,-0.31370209104476199,0.057595844513808885,114f76eadc898e2b9f514060c06d42a03487f763f5ab6bfb6da77ce4c7b2652e
interior_train_000086,interior_train,train,0.90644149163191767,0.083911763312942977,0.27742705087256936,-0.49773952866699528,0.07122714007653036,5.943423297783875,0.04088622677502686,0.18386221623367172,-0.47680720695272649,0.026672089073515211,8ed4c17dfc78d5400bdf22e1c09b63944bc2ec9c91344458763b7ea2fd2d246f
interior_train_000087,interior_train,train,0.57472833151058711,0.082712526584076601,0.21584359884708415,-0.32252191526457341,0.037497609451549473,5.9994234576971399,0.039756131861290692,0.37723827469572097,-0.51018307146725317,0.027978166057383576,5768ef1e99c7a8b15432ef8682a4b7ea79dd95b13b389f116f20e8339e892a53
interior_train_000088,interior_train,train,0.6957287446281869,0.063805301029391984,0.22397238756308299,-0.12492793187146016,0.12643643086099313,3.8688184154902596,0.022177055460670721,0.31811102166918725,-0.54845294226696018,0.056147997798676678,66c1a5dbb36c47941ea050757db30f906dc6204e369ed327d6e2297cc2407ebe
interior_train_000089,interior_train,train,0.54898655845612221,0.042274080405396451,0.13897679759840548,-0.39358872028763964,0.12591583514835894,3.1457652988069711,0.022028930036607223,0.17223830166703752,0.16338357138221446,0.034868478548823981,59d8767029c0b28f6a80b4d1fcabd806450a45e40616baefc7642ded0ea7a909
interior_train_000090,interior_train,train,0.62778455816948286,0.082377902858626728,0.1657120955837221,-0.55768972513939219,0.091172275479556364,4.9735156656625978,0.05968098600038943,0.49447694511910645,0.2569947622245714,0.016418732347586514,22e63c0aba804cd228a164541b419f82a19e7fccba4a590a8edfe8b74cca9889
interior_train_000091,interior_train,train,0.70321814819759254,0.044911573717702886,0.12393000552971088,-0.32067636542756245,0.10276140987215569,5.479977161514185,0.078127473716798138,0.67588445562738697,-0.2586756077260618,0.081716094623997204,846f51940d63d74af5765b53d6fb292ea4fc1e90e1aff901d80a48775be8c005
interior_train_000092,interior_train,train,0.69839760705331932,0.062868280192820911,0.14390372055752598,-0.26045911397974258,0.020389186618693392,5.6542807959477424,0.067212841221525363,0.36390854493723246,-0.25767724796364661,0.061635237580162178,9f28ba975a14e77afb0b6cfc14c04c561861f4580dfd8bdcb2594a014c96ed55
interior_train_000093,interior_train,train,1.0314535183674245,0.094432525977852871,0.16762984638818776,-0.5618398506897081,0.14520542772960643,3.6715468152884414,0.078431528834350492,0.20945624854010603,-0.21031438908396777,0.054645746171033217,3e67e9543da2029febb9912485dd3a4a5883154bdf158fb209a2818ff387ce20
interior_train_000094,interior_train,train,0.75450928202888712,0.069962340692887592,0.1883432640642034,-0.1419759955416576,0.10352763900798037,2.8489439337471278,0.045141875839924607,0.36644844044915215,-0.023626808669980109,0.096657636514569129,a5543758590ea595722a66be8ff722a9c01fe2463c1fc07030f7998e2bb22bcb
interior_train_000095,interior_train,train,0.772126873617209,0.064452853177052849,0.11432974534464499,-0.22535226311805942,0.082131404677329087,4.6078505569995176,0.016534840057046394,0.25864175077723472,-0.26533363772483748,0.036445596633886385,d0249097599675e8a6fbc7f1f1450d840ecb3292591e2d61c98c8e950758d4eb
interior_train_000096,interior_train,train,1.385563710685163,0.052667644164082636,0.10503832879064569,-0.68846233566415893,0.13653672359905433,3.9324141374254955,0.059011767612888573,0.48130578102010962,-0.15570911285811634,0.046559342041746582,ad3bb623c2ddc8e729d8cc7c991811a838623417613af413ddeedc1d34443f01
interior_train_000097,interior_train,train,1.2273998359691152,0.073777007601023681,0.17355894546897577,-0.13037838166696791,0.10824416733083779,4.0401450928127698,0.064981003789465433,0.20195964901974714,-0.44830326642537405,0.092332985081587104,5a0194471965741efe2d109592cd3c8196addd5ee2d54ca14a5b418e0d0c0bc8
interior_train_000098,interior_train,train,1.3719604832929302,0.067745500442625312,0.30959961424316995,-0.6418952750424286,0.056281238963027932,4.9422364465834656,0.029150138157790641,0.20626045299290369,0.10479760866708178,0.035985474967827766,81b9fa49031be12ec69c38afb18f19f13c2d86d3c62272cb43a58a4037cff485
interior_train_000099,interior_train,train,0.48791707957147068,0.036698961786560319,0.094343819467957293,-0.40352304357408714,0.063215221724330015,1.8651205723719666,0.071341348369390586,0.22684578003125269,0.011764266641418124,0.052076097229262035,f9ac4eb6f4cf7ea7bc6b1c7cf2fda0d0c0167e86a9e4c4e7b56a62de7f9dbf65
interior_train_000101,interior_train,train,0.52569357576599329,0.10252288863754694,0.11063027612451136,-0.41246813966871876,0.11592619497473192,3.4018994767932433,0.025843503541925016,0.32396885164604794,-0.031379882933174369,0.072963226359266969,df6e043202088b3153a9bb5455fabddb71e61ce143703befa332fa873cccfd0c
interior_train_000103,interior_train,train,1.2785119205564583,0.08255356602173794,0.30609677804689661,-0.4498366194040932,0.14935974572985938,2.6907224449003122,0.019395707998386705,0.20476349996216447,-0.19201296161228296,0.024445318418315761,e64770004f201a439f4e877741e0393d82a33defe03510aa247315a3a5601525
interior_train_000104,interior_train,train,0.78057278203999236,0.05743698364105973,0.23685614297916022,-0.034666799241326679,0.050771356793757508,3.3635928076395389,0.0277627981700393,0.11101085228922114,0.2643649798187514,0.035542261241883477,3c88a1752b634fbdf23a9ce4a13f62f4211a109d0ce1d071ca112c42dcb3716c
interior_train_000105,interior_train,train,0.39213452192023279,0.10882311514431778,0.097403249188667843,-0.38914110369115634,0.025449598250979286,4.995997640881459,0.020470385654972528,0.20039971071790411,-0.40872768302885254,0.091029256102277301,ff4bc9f0328a74b763f96c9c1dfa6f41cd74680a4cfd8f29c69c22cb1b4e0e1c
interior_train_000106,interior_train,train,0.72277474037753475,0.080934777980102207,0.25289175753467735,0.11767043462741597,0.033726841814289657,2.5025950215388746,0.070359447862607102,0.28371044651102506,0.13307534047494993,0.030078568062874698,20f17007e635a486fecb0291c1119c7f71f8a3ee7cf1ffb95a663e2d963db272
interior_train_000107,interior_train,train,0.32692301626152198,0.026940980273245194,0.0559191835198041,0.024092748330239933,0.10972254161630525,2.3201291457907174,0.039444129220835573,0.24120984266887069,-0.06347087879565641,0.065396961489568528,b2b3494ec6206c3d9a7e1eb74ecfcba4824a966aa48c4015503a3791306d5275
interior_train_000108,interior_train,train,1.3066148786629166,0.093193116924004338,0.32735063030616562,0.0058462277555481456,0.14431398618987817,5.9674371213940605,0.020856332187446959,0.32932552672677123,0.29312636558074812,0.06188693999416052,59a67cb93f4f6ba0621b9e6e2c1ac05a4397bb5e2607bd32029c1d46687232e3
interior_train_000109,interior_train,train,1.3949677665149272,0.0751999558813089,0.31414543762884717,0.0082734204770307483,0.053341019711905538,2.7481918328578256,0.013003413495429848,0.20803819274352364,-0.21563149363189965,0.024649509700496574,c1b14f5e0a2d850308b06e758400177b91eb2867dad5adb4d16178f23cd858aa
interior_train_000110,interior_train,train,0.60087971691026887,0.096433182827214747,0.22085585805307703,-0.62303780929700514,0.12699576328335507,4.1834791483449107,0.040538922096385044,0.17301260947565955,-0.16625976721650007,0.092519937430690175,e3fe95b641d6167653782c4fdca44b37701cd31d3d80ca2b32b7f469d269a55d
interior_train_000111,interior_train,train,1.3743017481904225,0.057597446159424519,0.22127035679412402,0.082162026705901475,0.096135993653950813,4.8420027324251169,0.03824137650978552,0.38166530359250456,0.050800808469468897,0.073098656970067039,0b3de0a4ceb44eea6923ac5eb447a6351734eda348cdafb09b40a970a0835722
interior_train_000113,interior_train,train,0.90291469477620723,0.026270357517726578,0.15546192881306228,-0.13349734948381367,0.068079307316804741,3.1510859830942408,0.060921012175725306,0.32059735687452029,0.14238767373759745,0.047857805844957024,2a40d92e7d936bbf195fde9fef5b8e0dfe42631031425e60dc82555ada474520
interior_train_000114,interior_train,train,0.8288830699182308,0.083130803541305864,0.28944041252123137,-0.24978286723257331,0.089105548916088712,5.2393112928063363,0.027475796982724308,0.38426930393371883,0.10279073770883139,0.062195715662986699,b65a0945b887512ecf0e5c4cdb9a35ccbbafb5d014c446e21bbb083d91f364cb
interior_train_000115,interior_train,train,0.58829739469438458,0.081154814613211834,0.15808214847705493,-0.63970574415217407,0.10197485173368258,2.3634279408396446,0.024879407114308263,0.24271995233029245,-0.23110666850674136,0.031290187621588861,8a6d79c03daa1034067bb4c8022976243d33c84bee6b53f6b28319ce247992d1
interior_train_000116,interior_train,train,0.49965703062178712,0.04783455375044221,0.098643287816172986,-0.4688678117402143,0.025957395528940674,2.8031825394438612,0.073656572029391548,0.41820478360375352,0.019070212131521897,0.088058990405141396,c34bf79af969447b50b744100b474f92c448319d332188c324298a20f56d0a3b
interior_train_000117,interior_train,train,1.1199796620847837,0.061622761519396274,0.17919898176198751,-0.15808053814771819,0.022391655811582496,4.8812735030223413,0.058428059406806142,0.37063066454815341,-0.54355653678019089,0.042953735559134287,681fec1940aa4a3778248e4d173f7d2b48c740f230d2a3b0221e4708c70a447f
interior_train_000119,interior_train,train,0.56242913426202468,0.075875058607871221,0.22971752859797309,0.12649660221258788,0.081046493927351859,2.1468267899788174,0.030377780837912954,0.15884397250337506,0.18528915684226119,0.069403534001418687,42ed798002081afbabbbd3da8685d5f9322fec0bd2d103016b059fc62df0ddd4
interior_train_000120,interior_train,train,0.81547654070048314,0.048822404181893188,0.16761505329286411,0.031662673387215012,0.065912194341888844,5.2460274331427819,0.063267865896274242,0.48721966745645168,-0.19678312790152797,0.027427377090666952,6c1ba92699f9912c7e503bc90ad046da2583f220ff7437a5d35bef0c9fb50917
interior_train_000121,interior_train,train,1.161952539518142,0.031877567095390094,0.16919499210574382,-0.41851946135208484,0.067580218744127618,2.9884452704411726,0.043251061075381972,0.28885659158315313,-0.40525002490186718,0.087730360622090386,7bd0a017b782046d783afc31b8dc36c9cc309c572e738b74352a68da4f550933
interior_train_000122,interior_train,train,0.69293194901792199,0.036157577938000771,0.082904499056650968,0.17735443435516246,0.03936639620444124,3.8484930898369201,0.038135230397543761,0.15857470423706427,0.08706728466687344,0.022425305408988235,da28777267daf65c70244269aba62163d25e9ea02ba10f56283f07f07c977e5a
interior_train_000123,interior_train,train,0.43655817997954344,0.064959576462756408,0.18934833071336124,-0.15332083974758109,0.14065214108172949,1.7094479527801634,0.063577797578374298,0.29701646864596887,-0.48656073285248624,0.068306614682538555,a050210c3cfd172bb66b1a69376489329d2ebbf28e260646ad7ad776a51d194d
interior_train_000124,interior_train,train,0.53871095050313766,0.038792989244096368,0.057039008048087141,-0.45507820143018896,0.021433934790460102,5.5425461780577301,0.022528362954128217,0.15487550597374466,-0.14110146023013481,0.050896802953745261,577bec3607f15c319f7a45520b06f696dac55e99951f43df677ca4c38713acaa
interior_train_000125,interior_train,train,0.61496388528576684,0.08175051155719347,0.12294666984770009,-0.43672385238867695,0.057352781211240239,3.2813969808688821,0.038569159138410733,0.37597713255858045,-0.54566918905065609,0.033097119086999471,df83965aa9eb76c7a40e009784d687a63d905b60b0127fda867362330aa74ec0
interior_train_000126,interior_train,train,0.8719688633799989,0.069314749105331169,0.14080389716520975,0.05647652870080283,0.098042173378712988,3.088367099577062,0.037163516001500543,0.32730974801519691,-0.097589601790846747,0.090307455248485574,3d2e7248485b02fca9af70837b279e89429f14623501e6fdde5a395cf6fa4c0b
interior_train_000127,interior_train,train,0.35143228195021353,0.10906432473914998,0.087135872600739933,-0.39956002154445464,0.12445937197743057,1.8195212378809615,0.047504944803846837,0.20523791590194734,0.18486898022752468,0.099325896916233558,7634d84b4b1b651e94f252a03628d9052474b9b31ec0a71dec751998448b2637
interior_train_000128,interior_train,train,0.54056995354034587,0.086648936129101503,0.0980912992801376,-0.062943246422149449,0.089807110178849195,5.092408904866125,0.052871982196188147,0.38674243638398509,0.10465007816884137,0.0431174930038596,61688ac3771f12713fd6a4d790f9e72db88a410d849115fc5462eca8130f7297
interior_train_000129,interior_train,train,0.30843543313168048,0.034264158218887994,0.086850574144586884,-0.083034884695439057,0.13998171303065432,2.825524083769583,0.056707326660122286,0.38921699400985327,-0.25462445894301938,0.034346178614823364,7ce7b70f3942dcb2adfcfee36dbaa9495a225aa94b3b8610516792990c0a3bbd
interior_train_000132,interior_train,train,0.9656900199096452,0.093030707005572061,0.14542694537832954,0.040811286882520573,0.092090903202211805,5.4285369913582162,0.065809678664292062,0.49621564053679335,0.16953291079604921,0.03956492686824413,0b9ed40526f9f0ae8757572fc135552d3a1efac705e913480075be3170531dac
interior_train_000134,interior_train,train,1.1994288681418408,0.056384031264995839,0.09243234189044823,-0.094594986576092235,0.113460097218562,2.5689284815276507,0.060301912004991499,0.34288946536826509,0.05416392636553307,0.083824487930478642,d402eb73ba653e567e3dd3b7f7d5d344e662bf04eed32874a56354f30f971095
interior_train_000135,interior_train,train,0.71699712704942842,0.059866916207762917,0.20302056474169575,0.094099325555176513,0.085896604046477504,4.3672789047409069,0.040720863478273889,0.36123732788800755,-0.048364944915838488,0.017668520793192859,dc6d99ad149474272adaf2ac7a7cdd2a5d30f60bb440c1061a0587b44c6264d5
interior_train_000136,interior_train,train,1.1183153973070643,0.075477287978791469,0.16120809331208577,-0.60651141991553148,0.12272308862434561,3.6827435667882971,0.035404203908911192,0.31823096726090544,0.30354505545598892,0.060930094244697031,a558c45261df3a496f71c7639704d4dcdfcc524fc567ba415de744c0f78d418b
interior_train_000137,interior_train,train,0.98158092375420281,0.078767903440269044,0.15212048885197443,-0.27510858074087563,0.092372030410321576,2.9999047300139168,0.020114023689718361,0.15480798095102954,-0.52043881280929738,0.058823852076086543,b7aba19a4b713c35738ffe9965477a4a775c5bbe5c735fd232a3fbd55d0034f4
interior_train_000138,interior_train,train,0.85699651614929162,0.068804430755575768,0.22709237771719701,-0.57184560975446297,0.13114923547734728,3.1758501275624167,0.069229007512611004,0.19141362222234851,-0.019305733587939505,0.018303218373683573,2e01f756880916d0fc7a550c6e753b22367c7140de75cc7097a6be982b8b5890
interior_train_000139,interior_train,train,0.72681602567418868,0.1099987282907299,0.17374495853603045,0.07282280579999946,0.14150411126819518,4.5893917344968642,0.046129533596543072,0.16580333251159562,-0.24968530979077874,0.093078532008693426,9204ab4b9ad7bc056b5ac932c4345be6d8bede3e3732e1973d48b412a3710595
interior_train_000140,interior_train,train,0.7602032078585812,0.049651113456135793,0.14201496673545699,0.1218108481239237,0.14852931589288434,4.001110243444522,0.024105362019787073,0.16820903232880879,0.06522942435067107,0.024088076078561452,89125493d0f43ee7b5dc9a13470e1bcf93e5447c491121383d8a75c37362dab3
interior_train_000141,interior_train,train,0.92337653511173445,0.11167183211619972,0.32334025075846484,0.16236659027950123,0.1124367979190736,2.3425298226140558,0.030714417332982587,0.22122412625146687,0.12353632082157251,0.058916741375240785,2c6cd2d061e4297cc547c1102c29a89a67b16f756a524e8f3607845158d5d1de
interior_train_000142,interior_train,train,0.41171338218026987,0.10011749778182183,0.15283741624327987,-0.13458297642184255,0.10703763575428153,3.6898568290902896,0.054658973197413314,0.20245344616712282,-0.23842424449638153,0.098379045127096776,0f5fe55b098977c176fb6ac8fd11b9b83d636aa53914535d54e7ff4832159d43
interior_train_000143,interior_train,train,0.99634771811031553,0.078429916190121962,0.14048555886925587,-0.56557692619632005,0.11492748857403676,2.7291013295106361,0.031093945820411785,0.31966598350926489,-0.29619956192531055,0.097824623024918261,0dc7cbb336a07aae49cdbd205d4a661ca3ddef706d8a00c8ad9fd930b5a5903b
interior_train_000144,interior_train,train,1.0970450913613168,0.049996422461177734,0.23743631265644471,0.11441762400885218,0.11061244810749973,3.8658192835379581,0.071577523016200267,0.44702339813312358,0.33509203614567007,0.077397019915253024,a101275486137dce595d58dcee9dee7492f236f73534ca01e37505619bc2cf8b
interior_train_000145,interior_train,train,1.2422890047436888,0.094951605242062281,0.17803023569540902,-0.48853039070646243,0.023041485547081887,5.351534915598819,0.076722214215793977,0.62734676875022066,-0.5507817872366334,0.082914975614523018,c25d3311c87e414232c0211cd0c0fce0a8351b2e5a6ba8698e9425bb58d6ee58
interior_train_000146,interior_train,train,1.3600314119170422,0.031543867035610657,0.11254171556977281,-0.22445992672458531,0.13471833990231746,3.4184069242241066,0.070192413047126923,0.20720743137107872,-0.16015189214206757,0.059181174027447783,899771bb51202c608913f9062a5b948b57518437d256c088adf463e1767ccdb7
interior_train_000148,interior_train,train,0.74495004796838615,0.076715351134904131,0.12441018727612597,-0.4365083156725551,0.11856964013137385,5.6227768837065959,0.071167878169932655,0.5323065206213341,-0.55144275275640897,0.019019553390936528,9e8fae07b5e1c385b63b05dcb488fb74797df3ac358fadae54ebea04a8413331
interior_train_000149,interior_train,train,1.3816775545711153,0.026773537325599658,0.21131281542665331,-0.56616174639792105,0.0702010162410035,4.2326688616639085,0.068124622071426236,0.43969942623065389,0.021287814001094401,0.050735110200277149,a793d019ea26456bdfcb27aa5734b7c5351dd9fc29bc36fec4372883b3b8e7cd
interior_train_000150,interior_train,train,0.73612533265989644,0.090827429959765615,0.09916690505177421,-0.68576078868233648,0.065819293110810334,3.8182834804960049,0.06214219829245967,0.41493689924121208,-0.19488167836292961,0.026493967343843589,e369abc9ad5d15649fc4955353249c66cba695935786f1e83aa4b4447e432c30
interior_train_000151,interior_train,train,0.8190992521722682,0.030613451278345489,0.10239436357676868,0.130728376537082,0.10501167191194666,3.6786726977026838,0.042120651640034146,0.42434349375394775,-0.27260549749698337,0.096457156853941933,ac273ff692b39ff895a8967a41aa24df03f12cd3567ec2117b55ffe38341e7fc
interior_train_000152,interior_train,train,0.7384564123261288,0.055553909512555219,0.077318115637636173,-0.29921509145335468,0.14099030289070474,2.5026639552892758,0.025577066117782765,0.26625222111277808,-0.59443829223763067,0.05737485099141109,ec2852f35af7038a7d224dcb1ad751847acde22780aa3739245e6d8b01757fc6
interior_train_000153,interior_train,train,0.73437560143381475,0.089586265483351857,0.1585809109065304,-0.28053753979874413,0.076136843904623414,2.8441747501611161,0.068900838845037074,0.26825615967215183,0.067760869211432567,0.071685686015642236,957f02d9362ea382deab76cb6641739a4deb98883ec8d65493ed7d13803b934c
interior_train_000154,interior_train,train,0.62142296910088068,0.072171873621024979,0.11047841531517411,0.051242514738391892,0.093335966768823359,4.0142934219191222,0.06655329759494201,0.58407760832699662,0.29133661113179732,0.069820326672580091,4b41ce8885dfbe1cd7754010e55b8d0a915dabbd53e581d6f6f6ba78c455968b
interior_train_000155,interior_train,train,0.9887582608879113,0.049050138507384988,0.10269590174706349,0.0096084072954058571,0.090123363125479417,5.0344650538500169,0.06154892929538841,0.33196583727688611,-0.087872133601763422,0.025516032109928869,6882e4e426e79888b89e2cab57a5b4c1263f7606db88704cc4e2cfae492d349b
interior_train_000156,interior_train,train,1.3655619301128212,0.04066131101644796,0.20975252060329075,-0.64541217087186864,0.040912434711485125,3.9303516336011226,0.040247385061043452,0.16218040018807964,0.24896294709473016,0.038073797252847937,ce6be66baad4481f46a5b3eba86845fcdfa8f5148dfaf1052b42b2bbc63248e7
interior_train_000157,interior_train,train,1.0999762487291871,0.11411363481811934,0.36396866310865966,0.064946189717433128,0.14032531801667231,2.6112605121783035,0.01895372954167307,0.16691829056482282,0.05076470302370327,0.066974623194228616,0aabdd1cce313f291acb76cdf76245221ad191601ee941573ccd4a62f93c0ca4
interior_train_000159,interior_train,train,0.97452099915120649,0.10148917339637978,0.29321393449743893,-0.46534771265557873,0.10146745397536741,4.8826542312066454,0.044541486268529593,0.47222140992861755,-0.27360886249536465,0.075476644686825273,a34879d9a806194f33ee43162d63701ef3de8c5666e413514dd45f5f9cea6901
interior_train_000160,interior_train,train,1.3211902327082505,0.047741964112530053,0.11566847204327284,-0.050444039376842192,0.12216927120461574,5.9368068612919229,0.064633832338559072,0.33753068180514662,-0.40642339373520031,0.056049410070884861,266cc7439d8716a10998f7c71ba4dbca5f592fa45d16c5985dd2c5fd4ef04287
interior_train_000161,interior_train,train,0.71084171151288866,0.11522158258290227,0.17166204685113301,-0.38903071025934555,0.033257624232895633,5.4313902210010667,0.071065246053758385,0.57826050299701248,-0.5170491897928331,0.077769415017784532,2a09b0980cc9764c58df7e8ce01151de4c598478418846b745fe0225dbba59c8
interior_train_000162,interior_train,train,0.36019294632888582,0.063176432768351928,0.069916373210412802,0.06918861869590083,0.087684616838374821,4.4471116781196045,0.048201585697190963,0.46021756151547222,-0.0756354340293591,0.057005982342318295,3825484d0997e321f0f2a71c39c188e16298f327ae8c3c686743288473465794
interior_train_000163,interior_train,train,1.2507838776443718,0.072559931187839294,0.22393314025953068,0.064641487619943927,0.089490676182848908,3.6811480033802066,0.020572963277236893,0.19000566858441356,0.065943578154330759,0.033728817764914085,e2a828d032e439054b1b233f2a7569bb45cccbcb5fb00759f84f4e24a6e66b6a
interior_train_000164,interior_train,train,0.88195420478947839,0.028770328023733981,0.10111955773240393,-0.6621468735228514,0.057583851656026974,2.5429428018283211,0.079218519090845638,0.4961622582973243,-0.090964997322953836,0.077196098206904012,93b9ffa232afdc04098c05f65f3cfcc8a5a631ea49bc6ba9027a3acb0b326cf0
interior_train_000165,interior_train,train,0.31294792775545094,0.10266292210384007,0.19872219797392668,-0.58891481126516398,0.039729630492197382,2.9501364985793064,0.06049758308177465,0.1977626225877995,-0.23866125681591766,0.097133551034091575,88347dabd676a6c5a3e5bb911bda86b238a7931004d97ecf0c4efea3907e2a55
interior_train_000169,interior_train,train,0.99233573390263485,0.097468177034660292,0.20751089542695345,-0.21169014032127279,0.086464812344433178,5.8146508126035572,0.069881233215274466,0.60851228089445186,-0.20910812211662605,0.068748617283227703,2a5c9e9bc29d6ad3bed85cdea9a9a80404bdcd2eb8763f9ac1bcf5e28b2f1f10
interior_train_000170,interior_train,train,1.262900684315448,0.052171205542043853,0.21296049178461102,-0.56808954008567225,0.11475403367718873,2.6871418842331631,0.028897096789777317,0.2513343745212282,-0.18670538058734426,0.078302427012985398,0f9f96a9877d6f9db6f9f76ebc67091e92f78db18f07981514139505a6e7d6a9
interior_train_000171,interior_train,train,0.63560431565216713,0.033508124921958142,0.12523413190584606,-0.47184748213377498,0.05126658265777187,4.3614663015010784,0.023635376271945913,0.35761874971607371,-0.38361497561354968,0.034181675093938504,95f79044ee006cebd54f90b2fcf14295f22ae9f98a728692b9f5f0be9f63069f
interior_train_000172,interior_train,train,0.49726606634375803,0.10369588119152973,0.10644164010691999,0.15099360565494468,0.12355125160880093,1.8577014460891825,0.066002800976950937,0.28534204191438212,-0.21128125317495586,0.021277517564643928,a05d98d16c6272aa4948651f894af338379d77b25a3e052fcb69637944283765
interior_train_000173,interior_train,train,1.1912516470583034,0.096874641746316492,0.29751584481159093,-0.62274346990611829,0.10114589456463148,5.3579018372525518,0.068712062772148794,0.21507656623600821,-0.17336520038674244,0.049287273928389816,bb1bc9daa7d005c8329c60d9eacda6fb42f366a302a45c4ad2f453e003dedb8c
interior_train_000174,interior_train,train,0.97186473543132679,0.092372019542939582,0.2175581283419355,-0.58815283659465478,0.1175847625302637,4.0462562907338651,0.041231559973679423,0.39120286155626161,-0.087244231839748304,0.029846248966082026,655be2bba09cf7cab8dd9993ee2f0787914bb20a492c2d35d165607002c80d0a
interior_train_000175,interior_train,train,1.0269174110940718,0.11462727234727527,0.22055467862727732,-0.36678996186177415,0.026797726517035388,5.5467408346206861,0.066320214875455891,0.51481771141767851,-0.086215825023828296,0.051876464736892967,f5a97278faa36b308adbe5f724f22eca6ee706ff690755aec7d66d94d7c33c42
interior_train_000176,interior_train,train,0.91606679857875317,0.066821513915804209,0.24530240580112944,-0.65117397538161981,0.039029984372808253,5.6250694720863379,0.062808028921240502,0.39402959487877859,-0.10836453633246518,0.021351206069775502,ae6211a9d997273ec81bbe35d81dbc8703eb520c8b8154bef4b2955973180f3c
interior_train_000177,interior_train,train,0.46625661389932593,0.054305064966326588,0.080772801721638296,0.0076624952882389085,0.054720314888551932,2.1953210139344499,0.038958378646602412,0.28182232141090635,0.089785512277098606,0.038353304419231106,d240c6293ae77c393fad90adb4d7e120c1284f042803e244abc962f85f9892a6
interior_train_000178,interior_train,train,1.1882810654816296,0.11184351968942954,0.26234793740505458,0.10406768380829529,0.1215926873431705,5.7792060648531951,0.059450108625948329,0.45091201626007327,-0.15836437224093763,0.062721639137341523,b528dd2112aab9628689be6df31837742d94707ae3f5bb7de87a237c64a94711
interior_train_000179,interior_train,train,0.51270116750535399,0.033150609519725607,0.065264341607139731,0.14374325460428747,0.049905902415761531,2.5431291140164234,0.072317244897398159,0.32507847002735024,-0.37264037514402026,0.072679759895474427,66b7d07c11a21bdf7dc560494af49da90155b21c833203829a63e831e606f7bf
interior_train_000180,interior_train,validation,0.71376467887963191,0.051799984403500574,0.10734174881774862,-0.42675103511280704,0.11710025562100675,5.1889404333874607,0.027588119895497941,0.42682692424143581,-0.33356675205758063,0.043659351071060899,6263436192339ba107e7123e051f1648e69c73c7a20bc4662a5d201bdc5a0652
interior_train_000181,interior_train,validation,0.34319245938631149,0.11277657874800512,0.20600665864222983,-0.27509209332459256,0.031765843121381095,2.2272404861534971,0.034165135545479106,0.17743891731158276,0.2275333275563392,0.079704253255528545,06a6e61b129e53f5d6120ff27bddd69f57fad29259e50a5126fe38feb9b25f1e
interior_train_000182,interior_train,validation,0.45517371699143588,0.067836902837941471,0.18735726932274252,-0.22307180475160296,0.14789980286658305,4.0015188656736607,0.020778611975357165,0.20513532780072646,-0.59176954884775912,0.04669600337085502,a54d4a512a557c2436a9f8ed40b603637dfe61674d42a48e1e9124e74f0f360b
interior_train_000183,interior_train,validation,1.2485776654014633,0.051885844771055144,0.27205239062398723,-0.4192300249489252,0.070566207821426405,4.8237129734329089,0.053450031422647704,0.42455781928932268,-0.48449942384127359,0.09371659203592056,17b15ed23d98e6ec7b53c3c0eeda90103555500cf2e3aa440105de5510989dcf
interior_train_000184,interior_train,validation,1.0233665527346911,0.079528590274875091,0.24391276665050141,-0.39154456558425449,0.13929832350674926,3.8588226561059447,0.013483176878772688,0.085928388788493501,0.093938011731974677,0.044938064962898108,cf3230c1e263d3e0fff0975012ea23586de1aeb991f02e0e747d65c3af47fbe0
interior_train_000187,interior_train,validation,0.7666251548388352,0.027156968549429332,0.12861971001560926,-0.32308472359307111,0.072768761313784236,2.1178746962237014,0.07964722255686317,0.32887343008536413,0.072811444325390176,0.032146319413879354,263e1023e18432608f192c61ff7c00e3c9022f0e3ab181758e3805e4a03e8a25
interior_train_000188,interior_train,validation,0.59875569464192524,0.092108596627975048,0.25947710832184517,-0.29926836726636846,0.052557275279112706,5.4408464428160226,0.050769949886310624,0.50955241074819435,0.10759806338583719,0.063119098157739639,0e336299d17c6ed97fb7dc93aa89ab86cdbeda4c67ca8a1ef469811f9ec1490a
interior_train_000189,interior_train,validation,0.70960863888084402,0.11617065773861435,0.2623979063141435,0.023868233409677021,0.024150957306696606,3.9516311495001357,0.070789739398554138,0.24820361341872571,0.20245986658776685,0.04912087668169806,c96730642389725f99e5dcd72130038b2b29731b1002b244bf7591213d6a6923
interior_train_000190,interior_train,validation,1.2243225645159321,0.087996782122725159,0.21350963533700043,-0.12566208312379343,0.04480013190961047,3.1523016575034006,0.033876022589669305,0.1988658469141048,-0.043338413751412536,0.023028981751235102,11f5710bdd56d4a0a4f2daeb86c405de6e05e15d08531d8ca0646a7638c01cdb
interior_train_000192,interior_train,validation,0.4482258282396025,0.098567537628375668,0.13874274138412954,-0.10447017049250321,0.030495227386645521,4.0110646461705493,0.028951536257002149,0.32491863242774577,-0.50689466205285827,0.039777751985363791,44147987dc06d17cd6dc7e7cd4e132d32b0963c4bb3e2f88cdc6d371cebced73
interior_train_000193,interior_train,validation,0.90975384038489349,0.082074911343225032,0.22781044053811997,-0.54653881453220909,0.12120122037566974,2.364780150578742,0.072900876255371005,0.40302527386424492,-0.47364530363159185,0.084906649709860976,b58260e5fef5d56d12b3f51b8c458721365728905ac7103eba85a26dea3c8f8e
interior_train_000195,interior_train,validation,1.2664321092320048,0.073644386616377427,0.21562051300329882,-0.25005081684274932,0.058951088793136777,5.4387792078536918,0.044120837378652009,0.40011316618593668,-0.58209110234583306,0.041110799176883484,5b55b4e04efb5ffba64222948499e204f6308afe275a86f77b3119952ab94eca
interior_train_000196,interior_train,validation,1.3038825811613424,0.09771161005436016,0.38335941581040894,0.18133445002552614,0.073690861769373742,3.7013142293106962,0.029350599859743969,0.3213114436492398,0.26000860748309379,0.081153877169632127,7dbaca8cf8750919e5d37391a2ace041d4ceba5af764646e6c5fa692235527a4
interior_train_000197,interior_train,validation,1.1743219770898148,0.050337429825640628,0.15127589532913183,-0.47358461441268568,0.10023304863824292,3.6875167780716755,0.075922868348599404,0.29301404987409413,0.15766077466127754,0.087972554679785403,8bff23ceca8609503233f77f50671d87ee3cf05f14239ae73b99c7788cd4d885
interior_train_000198,interior_train,validation,1.0057080400181926,0.045823182804321044,0.18301555601685038,-0.37058244177220467,0.14830074108216482,3.972059139859363,0.01892147350457455,0.26474889624389775,0.13516717078363044,0.06436154000459017,1cc9ad5a1ab678fc19cfc16ef2b6f816c043dd915d921d2999cf15427d635975
interior_train_000199,interior_train,validation,1.1482673697703221,0.06023487275006275,0.12652777566935092,-0.29965491374776576,0.026999100489780388,5.1274074543873427,0.017343121048709373,0.1734776889942371,-0.32059478861532326,0.060239090738392932,766db4d6fed9621df8391a9bbefadd70659dbafa57dc640eb4dc9584bcd2f1dd
interior_train_000200,interior_train,validation,1.3941353720419851,0.051287922588326748,0.24657282710385792,-0.19870151013160092,0.099105716310209521,5.8882434761980811,0.074030499608649131,0.31604569630400231,-0.59686360327141474,0.014429017672854885,6a3db641d0ee80405bb299aacec5fce40c78d1cdb2cea015b0f784dd0f483b61
interior_train_000201,interior_train,validation,1.0667106689471249,0.083322013025481229,0.20132183396944353,0.14207088996655551,0.12861078166775192,3.1138956734308776,0.048641286721191536,0.42057911478279197,-0.19655649806487988,0.047023930835400442,c25df0ee153fdad59108d8827535bbcc6219ea12a2da4b18ad674b86c4749ad9
interior_train_000202,interior_train,validation,1.0552154044551085,0.10360215277042956,0.24491999010810261,-0.21124305924279171,0.14729888560057044,5.7831597722235468,0.07770912845159976,0.70354751241710367,-0.38380330804370355,0.046208130381099589,831c926b7a6956056254a538993bc43566cc3ca7cd5cfafa8030ce8c71b354f0
interior_train_000203,interior_train,validation,0.45032996825412652,0.054176844092551663,0.15942345943402114,-0.67434953139700426,0.10530196248907049,2.4398569250300102,0.05446840992156117,0.20576845309164332,0.010862551237237807,0.022735276868055689,f697969a18dbe30fb515d0395241251ac83912d8b1f28cd32c0dff9515bee774
interior_train_000204,interior_train,validation,0.97087224119950899,0.090576511138499738,0.27866844097412907,0.17860517120950309,0.034921110759857363,2.4692556564628769,0.025470366400794201,0.2172731030750904,0.28061775773022096,0.026153281303406085,eb3c41202084cba2b61938818b4a241a9e20f46d0ed440831d121a00bcd03f93
interior_train_000205,interior_train,validation,0.46268352188921619,0.10946371281314504,0.18082295083320843,-0.36693154556559188,0.038093436476206291,2.9057525859511051,0.063049948352559851,0.27359051530487372,-0.32096145839546886,0.070434674262244756,89a2e30cc50a9f48691ff773f62eba621c8b6226efd636914b4023c96ae3a212
interior_train_000206,interior_train,validation,0.86635778412714481,0.025559231369247176,0.096569354818248576,-0.17513754116611749,0.021950311848173081,5.862251517264025,0.068306316513525395,0.65855473659661978,-0.48246535401003282,0.041564053566047705,dcc91dddc4d68a28917f683f061809ad9fda2a01c9663f7fa8fee827bcf18fe8
interior_train_000207,interior_train,validation,0.56582150242228268,0.061240238127743714,0.18407694639207764,-0.14674925321279594,0.10050120847019647,2.2410290991297082,0.043569096105676226,0.22448839655790809,-0.3380357412211632,0.064245641981259621,166524984bd2ce2d3321e164a923b7a199ccf329a2ba96b9014ac0ae23f549be
interior_train_000211,interior_train,validation,1.323205475772826,0.060424316584840307,0.10584055094763309,-0.065688094448763279,0.13303217512975041,3.6586112302038476,0.025354764048755841,0.31240937088444437,0.074748574583252486,0.024303379469717706,51598eb986d866a57533cc0bcf057547877a372c7e06e5ba993965dc68c2749c
interior_train_000212,interior_train,test,0.57036136691893469,0.074918218166972028,0.17256577831241093,-0.6004110539308436,0.10672300362685824,2.1824049883336709,0.032609302320662864,0.30031409444789192,-0.078264927060857858,0.045060807812299764,815e9b4f9ab5b16826c5cf06cf6a6a6d48d0749d039ba51b5d7fae7026f68abb
interior_train_000213,interior_train,test,0.53425967722747481,0.03475293764285018,0.086136399454434437,-0.28943008594031089,0.078023367238873848,2.0344207842261426,0.023808126791566332,0.21907340490619726,-0.43677956022342407,0.093305578180024745,6b451a1c33b8462d8c8fc04bbe28dda72edbe5038e97507e71b4522e55766d99
interior_train_000214,interior_train,test,0.88860601311058951,0.083583648714717712,0.10490948008797621,-0.48852502888847732,0.065422128905011867,4.5500254895887569,0.032338013060725285,0.18759779597065926,-0.27132745418597531,0.079956505127062899,7e9cb3ed8b661a8e645ddcc5672a6bca222ef5644e61c3acf89b7d82ba533a50
interior_train_000215,interior_train,test,1.2972654655755187,0.077219018161090697,0.32928205638666092,-0.097457044680483856,0.03098333986589126,3.774342496722138,0.026580374756124091,0.24118298419817316,-0.076176569438446154,0.075175764195098915,bf0c99478c9738a943e5f8370ccdf04b3bf19389cf1d756d4e31817cb6936a06
interior_train_000216,interior_train,test,0.91137631187197155,0.031140727463638725,0.079555297485216794,-0.049755282894976431,0.056682225653080023,4.3419622842565024,0.044230714725411867,0.18565523486568883,0.017074274779285605,0.065578321328743638,01612fdcad1a9b49463f3654422cce3d1f622f88e656435a90a7aef62cbe8fd5
interior_train_000217,interior_train,test,0.35661177861677384,0.10642361144920959,0.18205252750522571,-0.31041903284834599,0.091623404386927176,2.6651138148854994,0.024240850985131096,0.10049368917945639,-0.4054037125135021,0.036260745605391165,18a1b99bd1d757ee3950841b7d533b3bb5cbd2cb91469bce6f0ef1cd817c04c0
interior_train_000218,interior_train,test,0.59597361391841086,0.11925820290164058,0.20860101864996902,-0.18791994961018751,0.071470492810758277,4.4647039025787887,0.026008817093147139,0.31733769485134994,-0.16771345907868415,0.033473460107530328,6b7fb3124ef20b4bd384b5c51dcb9636439eb5a2c162088c172fd09b5db27e5e
interior_train_000219,interior_train,test,0.47371116495211352,0.10295392851057014,0.14969793701752002,-0.66086462702262549,0.13153051624360904,3.0578925840431159,0.04846516875838857,0.17523288296827105,-0.17310012424417334,0.096016111426457107,5fac1d1dd199438356e136d549834ae7c4170e468af81f64dfc3fdd01d57f1f9
interior_train_000220,interior_train,test,0.47046474379636227,0.10099849858063403,0.1804562905385029,-0.50105495750350304,0.033577217119075402,2.4047810890993953,0.050775390192750021,0.38822910168220381,-0.018454946883133587,0.030221354753488631,44130ce91546d37860f6427bef7adc15429aca0d9e13dc677d81abd232c99ec9
interior_train_000221,interior_train,test,0.57874183631332499,0.025798635876865338,0.11032896991918209,-0.1292975199608454,0.11024733038246462,5.710993803553098,0.035278004285369778,0.31588232471845773,0.089879806159631467,0.039993529484951912,024f272da9505726255508ba698cc36ba1f6afbbfc9f56188564b3b8e6cab8de
interior_train_000223,interior_train,test,1.1774081072213793,0.031176668948262053,0.20847822602835539,-0.13369961356032481,0.1336824167032383,4.8576710525254363,0.016069205954553748,0.23973484786394619,-0.46369961412712629,0.048293100384053121,6ed4ea437b937c513b0136c2b95329482ee651dc1408e7c7c91de5521e373815
interior_train_000225,interior_train,test,0.54386062833161852,0.039976705339730551,0.10759440030031574,-0.4877688134875503,0.03608663102417875,5.811939076110205,0.028320744467781676,0.29427497515210316,-0.077715256413314129,0.088435137017893711,97bf464f0be4f0cdb907981789bd4a518114412f51ad9a5f0c574a2a29c1dc23
interior_train_000226,interior_train,test,0.47784782466431819,0.080088410670054594,0.11997097072442522,0.055058551350429863,0.10610187721422967,3.6183635775825334,0.03704832833322682,0.1596439170751365,0.0070482032327737563,0.015029982740191433,f6b0ecbfd7629207c0d9b8e41d295764b3c226825b636f84ea3349fb8684bd24
interior_train_000228,interior_train,test,0.3895178723925149,0.078463836957841274,0.098151589502883815,-0.55955583172634238,0.12506239975312294,4.0822690102399024,0.058794597513518808,0.35375065280778129,-0.31472078237969575,0.05144415936613253,45aa2b6110db7b88640a9c0bef9ce961b73c2cad01123b5714c2fb2573f5fbd3
interior_train_000229,interior_train,test,0.40690722948023395,0.04425794452871766,0.070661778476573678,-0.30195836409625187,0.12752941459201089,3.3592494021194286,0.012915764772753493,0.16287459677121918,0.29148841449570162,0.03189356725105829,4c458abd9d47b1dfddc529800da3d78300c2839c97a928298dd54231e482fb00
interior_train_000230,interior_train,test,1.127086626365448,0.037994257513404128,0.21055513024498376,-0.30564049354519096,0.030002940694521949,3.4301382406030272,0.036320799236410614,0.22059149941721359,-0.10019055056855643,0.028491933138979551,fc385196fe7d44e931228cc561240eca5e4efa097bca3175266023c8d4d49c27
interior_train_000232,interior_train,test,0.63979510911314619,0.058897055368398635,0.093053715546977639,-0.38076670250248673,0.083527459599551754,5.566300288174908,0.018482682742257259,0.22039515382065408,0.032201324911634042,0.094523623001989937,c3c75fcdf835c5766626c80612b60cc14d042b73f55f4ec6c74d17f7c5a223fd
interior_train_000233,interior_train,test,0.34015323275292164,0.099637237652942995,0.1045797304535729,0.15323330735759449,0.11083334155076922,4.2626569248780468,0.017108476549302528,0.13998807734870169,-0.12933646697310597,0.052811608529217249,6530bd690940529a450c57bdc8ba0c2eb5350b1f92e9c16584b7deadc8bc0b48
interior_train_000234,interior_train,test,0.99921080003386509,0.10964903577849036,0.22215392515346405,-0.22168207204258086,0.12956603137688683,2.8916435592905705,0.06069785856259232,0.219130853355301,0.32099986046513829,0.080621916010653633,6b93bef8530c47a2d31273675900afe59277c051224a1bc5162c89921db8bfc3
interior_train_000236,interior_train,test,1.287220753518781,0.072432782549736799,0.30570019671586118,-0.72554160273733215,0.10166922578263908,5.047926968862078,0.017931914585879911,0.13496697093445581,-0.16526561338522308,0.086385142888403571,6522f79141f7e38bb71f8f9d0b8e5611a84116c8886f9cee91f57ff73419899e
interior_train_000238,interior_train,test,0.52221694445911726,0.1078804222566232,0.17824563887394582,-0.6923554617136195,0.11908167763028046,5.3873648309896121,0.02141592091904676,0.24143814156052046,-0.17681603938137039,0.052333353834059543,099b4312e7a210df7c9fa102273144576e77059c58a2052e9f2a891712152cb4
interior_train_000240,interior_train,test,0.39522945316377339,0.056007827857051148,0.14951723374613837,-0.58399393263916688,0.080532500334813739,5.284390685449444,0.055343446598398793,0.25985387818330352,-0.29733412452415525,0.037147297270120887,fd51b49544d9def1a6a27e941796c1f6dfbef6da4587e1f6a79152b6b882a182
interior_train_000241,interior_train,test,1.2399211824972391,0.039067025237011485,0.092953542266560954,-0.51247069455567085,0.099464032124738685,2.5361518677167147,0.078339862687928502,0.37089228907095595,0.28154890870614463,0.049836506593343072,abcfa2d68e83ac0383fe7b312910a4b82636743a2c054c3dff16639dcb233ada
interior_train_000242,interior_train,test,0.67288721819071684,0.094742665889031741,0.2430555935242138,-0.44487596967440513,0.12488142657168971,3.5678519576980703,0.051687401024668594,0.15618880880116043,-0.052792944128659799,0.018671121476089736,e56a678ea9e0ed0c131e006023622fd4380a12252b50b9d6029bc633a3060b9b
interior_train_000243,interior_train,test,1.1830260490534799,0.11871774540726768,0.30073532819316073,-0.25584109351913387,0.027438154465635058,4.8192065779995392,0.041846695596855957,0.3868848614770124,-0.36149669931478673,0.041746471426603857,ec2a23a5fbd5565c80fb77d6e53cdb955e9f0faa6056f833e30b02ba2d7c6fcd
wide_valid_train_000001,wide_valid_train,train,2.2671350909921837,0.11927428263192494,0.1874153719387594,0.074266093960296847,0.057845496631028864,9.3669300133855593,0.15046535523547233,1.0457363579101215,-0.14982345398247904,0.18448249395767022,b2d9445cbe57c8f181a5748a4d501c5cf8d9756b8460cc5fff5d6e9599a7ff08
wide_valid_train_000003,wide_valid_train,train,0.84058642302573183,0.1241057269096707,0.14962027364061145,-0.55491858678016082,0.15934413003704803,6.1663088523909355,0.03984297103094106,0.5662222544969715,-0.36465962142371028,0.11483374284145001,e625ccc3795b7bff4692181b3ebc8da8ac085814a83e12211a4a6f57d786128e
wide_valid_train_000004,wide_valid_train,train,0.35061229507760805,0.017591023290090359,0.10199161284976904,-0.39384551889314029,0.21495350342072767,9.6713895662309763,0.14120091760292544,0.68453645511539074,-0.057187131950153,0.060405772833233257,fb9e16b439dd4f4599f2b1beda2c3b07d8f4e9fcaf5d7efc156e7764669033c1
wide_valid_train_000005,wide_valid_train,train,0.45309036097954775,0.078789680749063271,0.082578053325216061,0.40382592869155665,0.20915546899426846,4.3850784890786976,0.097921721909815365,0.54820614694997338,-0.61043085487545456,0.029820139792077947,eaae60cfcd91a614fb1a1d995262ec7e86ff6cb4c212720e98221e526f3895bb
wide_valid_train_000006,wide_valid_train,train,1.2402113617200574,0.13292630264115873,0.10568142820444593,-0.54852765869382958,0.09689324897970969,2.9229275473347247,0.01947726339400211,0.26763313542396505,-0.58957229060897698,0.085143514916247012,8c6fc49b5c67ced1299b6cd726e8d3e4c924144e2db561b1cb0032c76e14a437
wide_valid_train_000007,wide_valid_train,train,1.7227630883840126,0.093443425469571198,0.45452246798174212,-0.15877056825931021,0.17559391910686281,4.8559145245727304,0.055738358540582476,0.26280199607030968,-0.38665702992245821,0.10711611599502133,f60d3034293710c26c945ff2d07fc483bf1836b803b45654004d233d2ab51fde
wide_valid_train_000008,wide_valid_train,train,2.2952108906627737,0.04824807910639918,0.24433971178495434,-0.26846756983458492,0.22539740119019466,7.5594659130083217,0.12116125631435838,0.77311050770145551,-0.57330511728683031,0.15074536754948381,0d4237f46b287530b3fe7d4c165b7ebe13e169004534b0ddc0c3bc6e6c05a6cd
wide_valid_train_000009,wide_valid_train,train,1.8234772919752555,0.10213615277264934,0.11757109642709641,-0.70810042948234642,0.17399831517069062,6.2382670372336158,0.12931753472590207,1.060576803606494,-0.24360255193923128,0.058509609744399463,34b7191e9acbef88c4f0781c168687423b04086fa9fcae04d52e7a900c5e06a4
wide_valid_train_000010,wide_valid_train,train,0.41842118933516464,0.18340418024161287,0.27472408558690997,0.47110471869692616,0.12976519174306361,5.1861941130319122,0.075941113873127769,0.2311000498756226,0.04932026987382522,0.066376418009415433,d074f1eaa6188ae37e1aed1a9ad601f443e09488e39d9b86484d8b12b4326aff
wide_valid_train_000011,wide_valid_train,train,0.29122093527391363,0.080253303655502567,0.14153565065306373,-0.41337800905877192,0.14444426234621377,8.5328772971297013,0.018779990743141375,0.33976819107622669,-0.08917048323439454,0.15657390107341593,6f37fc4a7594e7f7301ba8b0d6f7e65285d078e59e58da281344066161965b90
wide_valid_train_000012,wide_valid_train,train,1.5525053824718347,0.12247674856612586,0.42781813200497043,-0.50226788400841804,0.214506659311932,8.7772811955451608,0.089019317051836563,0.58505892129253823,0.051025430453292608,0.10915494219125245,7871d1bcf8bb4d5f03f8c76ed6ce6b13e80b726b9c6824a56735c56a32d13183
wide_valid_train_000013,wide_valid_train,train,2.1794886203259138,0.052947293182669143,0.082249453251723836,0.47564940410362866,0.21259368594815045,9.5700332538367903,0.095477848433100546,0.97295715120112536,-0.34102962759580063,0.15841065188704787,2da81d3f33bf5c6238e06fbe04e39b979dde7b922a73d4523a31d6c04c74eadf
wide_valid_train_000014,wide_valid_train,train,0.37512194724125675,0.16753415563621127,0.19129013845809573,-0.14311797953125391,0.02988276661376451,2.2515834566376505,0.074137759410675408,0.30343290236307674,0.28541593751127525,0.024202671512127398,86d0cb30d0a037e3a90ece3f919836d60d54cd53c04d991eee47bf0660987abf
wide_valid_train_000016,wide_valid_train,train,1.7527056003816233,0.066575993736913072,0.19645671196990394,-0.80999160238446222,0.16114060814705375,7.5775027021936134,0.093249667213749179,1.0584863159878508,0.027345636334984082,0.093961321357675473,1c9cc029c7c7813ea8adb162c9dbc59f5c210123ef395bc00bab7c420360fc16
wide_valid_train_000017,wide_valid_train,train,1.9501540306150842,0.041098823510314159,0.25500488353075579,-0.25589935525116053,0.0863033100146917,9.9693570689851043,0.13254827267271904,0.80576961255789703,0.063682437111345566,0.10453206693981433,551e74dd32b0aef46ece471e15e4f74fba74c6ee92857c1f5ed6d8bc2bfda6d2
wide_valid_train_000019,wide_valid_train,train,2.1217360431949359,0.16170651552155593,0.53340540784742663,-0.12299724286550782,0.17750954620962567,8.1527157326133999,0.024986306951746591,0.34490438762100423,-0.099684537499368134,0.16865027868761606,4168b15ced482753f7a806e9f6fc416c438fad7a5152b9ebfb1be17b9b5d7949
wide_valid_train_000021,wide_valid_train,train,2.1144169089402869,0.11445177997543862,0.27537442750015523,-0.11187163447511386,0.1411528601431925,4.7292869140171714,0.1397014505472586,1.0355553938709223,-0.4710693059390918,0.16680853799348966,b84bef2b2bdd68beddabad400a1e49b14163c2bcb7df0a2cd1f04b6cc178b88a
wide_valid_train_000022,wide_valid_train,train,1.3121314056635329,0.032172683343297058,0.099408778700179501,0.10188621963527318,0.080723705356098838,7.6393083690877255,0.032189004370130538,0.31663099924019239,0.56903065533220465,0.14401896818673535,36ca2fb76997a882832dbd7bf324f7677bf66b7ac49405a9c901e646d8a15259
wide_valid_train_000024,wide_valid_train,train,0.71434901286423902,0.11902223792294794,0.17090697591042864,-0.37336239417441475,0.18151382625881607,4.7337137276966326,0.04689988920950218,0.19747742475323307,-0.11169647081711889,0.071620276759704019,17723ce6b66d901c37e881a8bbdc4cc95f12c777efd4fa188a3843a1ad49ec28
wide_valid_train_000025,wide_valid_train,train,0.86680764083425654,0.10054601058077389,0.17749325724883261,-0.62277315086802199,0.14593137180053481,4.1743366712430134,0.037008317892275731,0.35951533499686317,0.60581046025126506,0.16035782257552622,716e6015855f0965b3a300cf79852433ebd74393283b635b90c5cc3816321a6f
wide_valid_train_000028,wide_valid_train,train,1.677784330887687,0.11617279914807581,0.20060545552052989,-0.69704156343168289,0.20591817590743883,4.357283986786193,0.031924140839149892,0.30597516149180815,-0.065415184279259561,0.12979618523920525,4d766b2d2b830c3a8b9d2ae2e4350f6d74f92f2ec3b00aea27f61fb0981ca97c
wide_valid_train_000029,wide_valid_train,train,1.2967096760791956,0.055757973355124044,0.1258212482125613,-0.095373742208154824,0.052800351101592126,4.4659134432276382,0.013903719127446236,0.21033855296080486,0.53502370222252871,0.10008004939332898,a716b943d64bda37838537bb4eea6ea9baa186b57f76bbf4e0a85a11061e34b4
wide_valid_train_000030,wide_valid_train,train,1.4481713992795937,0.16830082722830128,0.35708761772820374,-0.25381241859032133,0.044731340506966311,7.360050665929891,0.14022092468383421,1.1039097480792683,0.37797150955670078,0.12525123873072008,82cbc39f8c3cfb97408478982bab3002a9e8024401614c348b7606c312597b37
wide_valid_train_000032,wide_valid_train,train,1.6954642598880643,0.044656985418894853,0.26592158972925656,-0.036549865694633442,0.055215020359272317,9.6309417868956686,0.12514030047176158,0.53789788256677373,-0.27544679096008906,0.16417201021842884,e0bef72197cead2e3846206920bedec8b997e712add260e096364579794a698e
wide_valid_train_000033,wide_valid_train,train,1.8341452562002383,0.18482773752523546,0.78137268337988641,-0.012202697256167783,0.23707122855218468,8.4229272708531866,0.099795706828886943,0.58255500837288898,0.28909827625082407,0.1791402716935756,2cecc5cdc0efdc234fd60e914bf5cf5be06057dbf9abb4e3006ab96f3dc3cc65
wide_valid_train_000038,wide_valid_train,train,0.46476998400806668,0.068475082347810259,0.14088377524580639,0.071406931229640605,0.10122703599875768,5.1536027786858476,0.13670836926568228,0.23365077180406565,0.042058618304388277,0.051480879391077455,32df5a71356d35b5da562ac98874c329276383c3cb988a152323fee28bcb43c6
wide_valid_train_000039,wide_valid_train,train,0.5468414460881339,0.11741043736765149,0.29686994102754177,0.1916267270061186,0.18250978206137505,6.6118793093856221,0.10528507158340131,0.51995625822545588,-0.32821487583898806,0.1205415471218224,212fa24ddb5e62ce299de4b41ade2192ec21d65c313af906bf4309cd50bde686
wide_valid_train_000041,wide_valid_train,train,1.9178659579021584,0.13971323575194744,0.42895553482070947,0.045240720817392624,0.1651615998172575,6.1628388353500245,0.10229235325796243,0.79342231465615853,-0.055385362106831579,0.18589421918297891,f62b0e9e475a5db040a3a76c5a13fac34586c6522705e12e18f573f5661a2a82
wide_valid_train_000042,wide_valid_train,train,0.85584785540163788,0.10728462634788316,0.15322512819890774,-0.19287354669397644,0.14038837540559584,8.7591413950363002,0.07903750608298965,0.80492142357766572,0.22498596418561062,0.031822476374354244,680275ae4697c2fd102fd0f93c34e8fb58b4db1318b3222c87736449a3e338e8
wide_valid_train_000043,wide_valid_train,train,0.6940015689206428,0.16320883759012741,0.23336340990067142,0.019149462822667836,0.10736028998799559,6.1227950385173537,0.030166678045277277,0.12969197783052802,-0.096658244796756734,0.11189065192597257,19b994f4417d907c10b24145224dfc8ec50a5157d353d85e09a405459172a0ce
wide_valid_train_000044,wide_valid_train,validation,0.81865324995202193,0.18826725297617938,0.42119254545214563,-0.40692768937840618,0.074608910716199406,6.6332446908071878,0.029102978601178501,0.22765131418142065,-0.60398324391847225,0.038498678321965955,70501354d9fbd4f6cb806b85d97e08aa3094fbde35ceaf5ada48168fcaae9c7c
wide_valid_train_000045,wide_valid_train,validation,0.3628094195872108,0.069739400344583077,0.066900680091568812,0.20852578283047934,0.052194801122928992,3.7727619656840163,0.12992727821102168,0.72925161150762319,0.56496696466292828,0.11951215440261341,5e47ec2beeedf06194f4fd2d86e748be3f3a2ae9cc36ec8c2fefa1eec4fe2849
wide_valid_train_000046,wide_valid_train,validation,0.65297066062690468,0.039372471346911395,0.19482499254113564,0.22524202124109807,0.19429831885825599,5.3546590903715998,0.036251486178027606,0.43402007094211437,-0.56828505956588105,0.042757660040672725,5b061c06825a64a70362eeba5fd37c6e91247224afd7280d1e5c8b6e1d3df667
wide_valid_train_000050,wide_valid_train,validation,1.6252855568969875,0.038217072027124092,0.28938774189794725,0.12872337563554376,0.11593663598819746,7.2942695270748867,0.068566998942647603,0.39669416855380668,-0.74524400654457823,0.023344143282258405,13afb5ba54872ee146772d5380db0780631f6582b52f77f0867e5a1aef96f065
wide_valid_train_000051,wide_valid_train,validation,1.3430726869262806,0.1117742886130115,0.40720167775749988,-0.063589140156095583,0.12503986512501644,9.9184598009929754,0.10778859881587469,0.91462927136485517,0.23467598872629994,0.077985025054476034,67546fef733fed95e44a434f150566e5f527b20572472bb3ddcdb2dbd36946fe
wide_valid_train_000052,wide_valid_train,test,2.1954260259786866,0.10296157055637882,0.62610625123848274,-0.5812636073977071,0.14940459051306287,8.6102167999671835,0.060428565654235357,0.67963392664501487,-0.51318221057894819,0.1743051800745701,7e3dc2af442b5352d233db91980d23b9551460aefbcdfa46817ff7ad08972ae8
wide_valid_train_000053,wide_valid_train,test,2.0825159355051075,0.12981071700189867,0.5216739712520907,-0.25340172902453312,0.1845748290802974,8.4436412348809533,0.14397333261967701,0.82987898208335709,0.0079712521053004644,0.080742144058119997,ba0ba2bee98a4bbabd105837dd3e17e0df7405d855e84becb735d1f86847c284
wide_valid_train_000054,wide_valid_train,test,1.7628574094290901,0.049319684866342736,0.18584192654589443,-0.42018523036206579,0.22220419238467018,7.8735552199665975,0.15717883679396946,0.96678235894350673,-0.73514259182141817,0.12360875660729978,645c68867ae92af7c10d022484f1091c948ab17a21dea9f6a180e9011b3e93c4
wide_valid_train_000057,wide_valid_train,test,2.1348625865618627,0.082555773472804822,0.41092150584368059,-0.63327831200687634,0.15145289728906547,9.3254795255572596,0.091928824060329845,0.64537213539956861,-0.37759449509152576,0.037986558089926979,3705faf3ed96ffbb2c8f62aca49db74a677566e1686bfbfc2fde049930e446b6
wide_valid_train_000058,wide_valid_train,test,0.52332820860244467,0.14999748547546496,0.20386028538299583,-0.664188716606402,0.22658380088271446,3.7847208159712755,0.035697479257569407,0.16465723799498597,-0.40715552790691661,0.086120016873182367,4c6193f10fe537c60a87c92b1e378eb7164a2df6750a51ec0cc86f5a573e6aad
