symbol,trade_date,split,engine,v0,spot_vol,state_fit_seconds,optimizer_evaluations,calibration_rows,holdout_rows,calibration_iv_rmse,holdout_iv_rmse
ADANIENSOL,2026-02-02,validation,fourier,0.08657079769959884,0.294229158479575,0.6665090000024065,43,11,6,0.004238082815236284,0.00924029722874216
ADANIENSOL,2026-02-03,validation,fourier,0.07355100819955489,0.2712028912079569,1.6663620420004008,44,15,7,0.018381621724366942,0.013587475408232103
ADANIENSOL,2026-02-04,validation,fourier,0.07444654839205737,0.27284894794016956,1.464952166992589,45,13,6,0.010536829038230952,0.008125521379062218
ADANIENSOL,2026-02-05,validation,fourier,0.06405045557109003,0.2530819147451869,0.8760602080001263,44,13,6,0.013941637256839732,0.010546970066320131
ADANIENSOL,2026-02-06,validation,fourier,0.057012034619234105,0.23877193013257256,0.7240525420056656,53,17,8,0.04042174217341156,0.017228034956177172
ADANIENSOL,2026-02-16,validation,fourier,0.1347516033332376,0.3670852807362856,0.6411674999981187,44,9,5,0.03549634360702556,0.03033518211345915
ADANIENSOL,2026-02-17,validation,fourier,0.1146441570642669,0.33859143087837723,0.19530108400795143,45,13,6,0.07370490590164415,0.06596819996949035
ADANIENSOL,2026-02-26,validation,fourier,0.0050090519524151455,0.07077465614480331,0.10403533298813272,63,9,5,0.025075164829692166,0.025289121780530048
ADANIENSOL,2026-03-02,validation,fourier,0.04332079919408017,0.20813649174058874,0.06223933400178794,43,9,4,0.0017827668661340005,0.003523032394593557
ADANIENSOL,2026-03-04,validation,fourier,0.0954485771499659,0.3089475313867484,0.08032012499461416,44,10,5,0.013495507864523987,0.00842592052488747
ADANIENSOL,2026-03-06,validation,fourier,0.09423218728105029,0.3069726165003163,0.05933870899025351,44,8,4,0.0036637858660307577,0.006200521746261962
ADANIENSOL,2026-03-09,validation,fourier,0.1435575570711741,0.37888990098863035,0.06841841699497309,44,9,4,0.008128222227703598,0.007353432949153153
ADANIENSOL,2026-03-10,validation,fourier,0.11427583632353441,0.3380470918726183,0.06527970900060609,44,9,4,0.002906922117300167,0.0034020461687369104
ADANIENSOL,2026-03-11,validation,fourier,0.20048741592965694,0.4477582114597754,0.061219958995934576,43,9,5,0.007045193494752791,0.0058769245673826985
ADANIENSOL,2026-03-13,validation,fourier,0.19072608320063766,0.4367219747169103,0.05817554099485278,44,9,4,0.004696526941671804,0.005776033012034119
ADANIENSOL,2026-03-18,validation,fourier,0.11987058983368969,0.34622332364196623,0.06201487500220537,43,11,5,0.005168277030862439,0.004349051106147939
ADANIENSOL,2026-04-07,validation,fourier,0.25400170517486553,0.5039858184263378,0.04662945799645968,43,7,3,0.00700209401996364,0.003458631921174611
ADANIENSOL,2026-04-13,validation,fourier,0.33986158038607955,0.5829764835617982,0.07167599999229424,43,13,7,0.03250478674427631,0.03434918833807346
ADANIENSOL,2026-04-23,validation,fourier,0.37569108503730037,0.6129364445334445,0.05273808300262317,42,8,4,0.007781173769236782,0.011658354063626749
ADANIENSOL,2026-04-27,validation,fourier,0.2847174859255254,0.5335892483226451,0.07857966699521057,43,9,5,0.00903537028906641,0.0048037243432034514
ADANIENSOL,2026-04-29,validation,fourier,0.23337449713897854,0.4830884982474521,0.07175466700573452,43,10,6,0.008194317285749424,0.012971196075845494
ADANIENSOL,2026-05-05,validation,fourier,0.27097721368046634,0.5205547172780843,0.05706566700246185,43,10,6,0.009114308661709066,0.010218699824712534
ADANIENSOL,2026-05-06,test,fourier,0.22992821015386244,0.47950830040142417,0.06004566700721625,43,10,5,0.013138559041300003,0.00884775131500721
ADANIENSOL,2026-05-07,test,fourier,0.3016681452590834,0.5492432478047258,0.05313320799905341,43,9,5,0.01291125041778264,0.013889530381649678
ADANIENSOL,2026-05-08,test,fourier,0.2926064800410494,0.5409311231950417,0.04192295800021384,42,8,4,0.013824565526302391,0.014658354400785912
ADANIENSOL,2026-05-22,test,fourier,0.1752921085414918,0.4186790041804005,0.04392866700072773,44,7,3,0.023878413787233856,0.028081448330449035
ADANIENSOL,2026-05-29,test,fourier,0.12423910079093872,0.35247567404139923,0.06293979201291222,43,11,6,0.009638302315570984,0.009758684229590583
ADANIENSOL,2026-06-02,test,fourier,0.1746298364114384,0.41788734894877877,0.049105750003946014,44,9,4,0.012772918820845733,0.010280714815206803
ADANIENSOL,2026-06-04,test,fourier,0.18826883142555847,0.4338995637535932,0.05458483401162084,46,9,5,0.009293450554220092,0.010719784148272096
ADANIENSOL,2026-06-16,test,fourier,0.19518122677044003,0.44179319457234745,0.038961375001235865,44,7,4,0.016482646494827623,0.02235283236367804
ADANIENSOL,2026-06-17,test,fourier,0.17923587766889512,0.42336258416267153,0.04390345899446402,44,8,4,0.012314382618241993,0.013535823170255423
ADANIENSOL,2026-06-29,test,fourier,0.18307256960730958,0.4278698045051901,0.03671525001118425,43,6,3,0.00720760353185038,0.00826589554504196
ADANIENSOL,2026-07-06,test,fourier,0.11835840689330451,0.3440325666173255,0.05611079100344796,44,11,6,0.0077733778255207565,0.006868861117816769
ADANIENSOL,2026-07-08,test,fourier,0.137281106310039,0.37051465060107813,0.07445937499869615,44,15,7,0.015562471378764623,0.019077227235832227
ADANIENSOL,2026-07-10,test,fourier,0.11971480079300256,0.3459982670375714,0.0591382499987958,44,11,5,0.01642751265892964,0.017411856940134522
ADANIENSOL,2026-07-21,test,fourier,0.10812798897524915,0.32882820586934014,0.07100899999204557,48,13,7,0.11857869766301332,0.06534184470181739
ADANIENSOL,2026-07-28,test,fourier,0.0050090519524151455,0.07077465614480331,0.07979941701341886,63,11,5,0.045477453798721056,0.05342012708810835
ADANIGREEN,2026-02-03,validation,fourier,0.049778972639581545,0.2231120181424155,0.11577808299625758,43,21,11,0.014224460926715907,0.05342294082567888
ADANIGREEN,2026-02-04,validation,fourier,0.041077612774945135,0.20267612778752492,0.10356558300554752,46,18,9,0.013895765966305373,0.02432153463439933
ADANIGREEN,2026-02-09,validation,fourier,0.01568283396516548,0.1252311221907936,0.12554416700731963,47,17,8,0.016498853803471433,0.010671799398312067
ADANIGREEN,2026-02-10,validation,fourier,0.03475424824552629,0.18642491315681572,0.11966475000372157,48,17,9,0.020582678351539745,0.03329482397205201
ADANIGREEN,2026-02-12,validation,fourier,0.04729206030485596,0.2174673775646728,0.10140079200209584,46,17,8,0.044813573435446896,0.041056563672420186
ADANIGREEN,2026-02-16,validation,fourier,0.14884769178003152,0.3858078430773946,0.09024575000512414,43,16,8,0.08856970485884628,0.0543607570414329
ADANIGREEN,2026-02-19,validation,fourier,0.0050090519524151455,0.07077465614480331,0.07392020800034516,63,7,3,0.13535687930454268,0.1298590628301434
ADANIGREEN,2026-02-23,validation,fourier,0.0050090519524151455,0.07077465614480331,0.09524329200212378,63,9,4,0.10527826356175238,0.1028070742118109
ADANIGREEN,2026-02-24,validation,fourier,0.0050090519524151455,0.07077465614480331,0.12605408299714327,63,10,5,0.08964255116685471,0.09560705679493746
ADANIGREEN,2026-02-25,validation,fourier,0.0050090519524151455,0.07077465614480331,0.09471849999681581,63,9,5,0.09643508329132633,0.10094197851541103
ADANIGREEN,2026-02-26,validation,fourier,0.0050090519524151455,0.07077465614480331,0.0988077080110088,63,9,4,0.11089791743350193,0.10946008293651467
ADANIGREEN,2026-02-27,validation,fourier,0.0050090519524151455,0.07077465614480331,0.09429020799871068,63,9,4,0.10455699120621338,0.10307222365064693
ADANIGREEN,2026-03-02,validation,fourier,0.0050090519524151455,0.07077465614480331,0.11039004099438898,63,13,6,0.02591153184921615,0.01968012640627128
ADANIGREEN,2026-03-10,validation,fourier,0.07967600022710843,0.28226937529088847,0.07742387500184122,45,12,6,0.021565918457416178,0.023631110361570284
ADANIGREEN,2026-03-12,validation,fourier,0.09367117503348996,0.30605747014815693,0.08626483399712015,44,15,7,0.023236046844491886,0.024696697070054313
ADANIGREEN,2026-03-13,validation,fourier,0.11395348878823387,0.33756997613566564,0.07284987499588169,44,13,7,0.02156001904411044,0.021230921249990403
ADANIGREEN,2026-03-16,validation,fourier,0.12048614126864297,0.3471111367683886,0.10147108399542049,43,17,8,0.03156571625883981,0.018587393940365498
ADANIGREEN,2026-03-20,validation,fourier,0.10550922356752271,0.3248218335757661,0.08325733299716376,45,14,7,0.02473776557376503,0.031480694484816135
ADANIGREEN,2026-03-25,validation,fourier,0.0050090519524151455,0.07077465614480331,0.10060458299994934,63,11,5,0.0509800965188358,0.03345275905346477
ADANIGREEN,2026-03-27,validation,fourier,0.03984094946698785,0.1996019776129181,0.06755908300692681,46,11,6,0.028489995625728796,0.041483531161119656
ADANIGREEN,2026-04-01,validation,fourier,0.016791980505838612,0.12958387440510727,0.32725970800674986,45,11,6,0.023471639332185185,0.030815528695841064
ADANIGREEN,2026-04-06,validation,fourier,0.19772235217643677,0.44465981623757816,0.12667591600620653,43,16,8,0.0289352806421493,0.02750900002874788
ADANIGREEN,2026-04-07,validation,fourier,0.17282378712139992,0.41572080429225566,0.08197174999804702,44,13,7,0.020897476912111915,0.029133220270700932
ADANIGREEN,2026-04-08,validation,fourier,0.13684201756927272,0.3699216370655719,0.17950754100456834,44,25,12,0.018615750119042533,0.015305149823802076
ADANIGREEN,2026-04-09,validation,fourier,0.14627099590038847,0.3824539134332246,0.11525691699353047,45,19,9,0.013056115082288865,0.005284448676284059
ADANIGREEN,2026-04-13,validation,fourier,0.22520873009893944,0.4745616188641254,0.08850149999489076,43,17,8,0.018511905951597032,0.015486898856498002
ADANIGREEN,2026-04-24,validation,fourier,0.09070593652812076,0.3011742627252879,0.07678891699470114,44,14,7,0.024221145359077434,0.018328633081882956
ADANIGREEN,2026-04-27,validation,fourier,0.09429892229100348,0.3070812958989907,0.06352924999373499,44,12,6,0.009841901443551761,0.008511150663783034
ADANIGREEN,2026-05-04,validation,fourier,0.09847541718896369,0.313807930411205,0.08490433399856556,44,17,8,0.009114083637495964,0.00996037772020362
ADANIGREEN,2026-05-05,validation,fourier,0.10098512555597661,0.31778156893686677,0.07535995800571982,44,14,7,0.007624246455312662,0.006274323142831518
ADANIGREEN,2026-05-06,test,fourier,0.0711204127718926,0.2666841067103411,0.09261612500995398,46,17,8,0.008211903397833648,0.007351855547918457
ADANIGREEN,2026-05-07,test,fourier,0.08479186803155835,0.2911904325893252,0.09114945800683927,43,19,9,0.009564316310377319,0.006542519296132431
ADANIGREEN,2026-05-08,test,fourier,0.09636115995807706,0.3104209399478023,0.1108405419945484,45,15,7,0.009578212435124925,0.014397479497870139
ADANIGREEN,2026-05-11,test,fourier,0.13857554377603495,0.372257362285872,0.1413808329962194,44,20,10,0.024929669811896513,0.015534352906540977
ADANIGREEN,2026-05-20,test,fourier,0.0050090519524151455,0.07077465614480331,0.07213879199116491,63,7,3,0.026196410811125385,0.02786854583239593
ADANIGREEN,2026-05-22,test,fourier,0.0050090519524151455,0.07077465614480331,0.06725679099326953,63,7,3,0.05032587466195067,0.054378838234190395
ADANIGREEN,2026-05-25,test,fourier,0.0050090519524151455,0.07077465614480331,0.08371837499726098,63,9,5,0.03363941600764725,0.03844014440091196
ADANIGREEN,2026-05-27,test,fourier,0.0050090519524151455,0.07077465614480331,0.12754029101051856,63,17,8,0.05930856491516304,0.06111425095957596
ADANIGREEN,2026-05-29,test,fourier,0.0050090519524151455,0.07077465614480331,0.11240066699974705,63,15,7,0.05275748225355358,0.05238959135389171
ADANIGREEN,2026-06-01,test,fourier,0.0050090519524151455,0.07077465614480331,0.09373791700636502,63,12,6,0.0265702055215356,0.025742978595487877
ADANIGREEN,2026-06-02,test,fourier,0.0050090519524151455,0.07077465614480331,0.09891358298773412,63,13,7,0.018906233971486042,0.020380141354593484
ADANIGREEN,2026-06-05,test,fourier,0.0050090519524151455,0.07077465614480331,0.12573154199344572,63,16,8,0.020331330727226083,0.021920683189451094
ADANIGREEN,2026-06-09,test,fourier,0.009981452919074329,0.09990722155617345,0.08372354200400878,53,13,7,0.013270183362599972,0.01398062255744946
ADANIGREEN,2026-06-11,test,fourier,0.02027081277582007,0.14237560456700463,0.07424095799797215,47,13,7,0.00529232540176193,0.008328250056115764
ADANIGREEN,2026-06-12,test,fourier,0.005399246206085204,0.07347956318654326,0.07805154200468678,49,13,6,0.007575520138232661,0.009496138231089208
ADANIGREEN,2026-06-16,test,fourier,0.031347126996873385,0.17705119880100612,0.06076175000634976,45,10,5,0.004531113625466734,0.005872783827096625
ADANIGREEN,2026-06-19,test,fourier,0.03689865637333507,0.19209022977063428,0.09252633299911395,50,15,7,0.03653278674273994,0.0131138450201363
ADANIGREEN,2026-06-22,test,fourier,0.06545064203211239,0.2558332308987876,0.10640850001072977,47,19,9,0.07952263972229683,0.07523756247597069
ADANIGREEN,2026-07-01,test,fourier,0.0050090519524151455,0.07077465614480331,0.08645545800391119,63,10,5,0.049824931372443496,0.05163839875993442
ADANIGREEN,2026-07-02,test,fourier,0.0050090519524151455,0.07077465614480331,0.09197400000994094,63,12,6,0.0467695879038821,0.04594802522109122
ADANIGREEN,2026-07-03,test,fourier,0.0050090519524151455,0.07077465614480331,0.09458904201164842,63,12,6,0.035980744821476826,0.03582619459282031
ADANIGREEN,2026-07-06,test,fourier,0.0050090519524151455,0.07077465614480331,0.09523037499457132,63,12,6,0.009849044532070408,0.011190418059889682
ADANIGREEN,2026-07-08,test,fourier,0.08350530888566526,0.288972851468205,0.06900704199506436,44,13,7,0.00984882144841029,0.011247351103975478
ADANIGREEN,2026-07-10,test,fourier,0.05964980482792781,0.24423309527565631,0.08253254099690821,53,13,7,0.0101170356692721,0.016895207133736247
ADANIGREEN,2026-07-14,test,fourier,0.1509103033976157,0.38847175366764536,0.08261225000023842,44,14,7,0.00970388059213823,0.009330192521923212
ADANIGREEN,2026-07-20,test,fourier,0.25792053706268137,0.5078587766915931,0.06830320799781475,44,13,6,0.01183558870249967,0.010707263817671732
ADANIGREEN,2026-07-23,test,fourier,0.0050090519524151455,0.07077465614480331,0.09374775001197122,63,12,6,0.0923316019784926,0.0868628892717474
ADANIGREEN,2026-07-24,test,fourier,0.0050090519524151455,0.07077465614480331,0.08804970899655018,63,11,6,0.0873014017148969,0.08750393013353128
ADANIGREEN,2026-07-27,test,fourier,0.0050090519524151455,0.07077465614480331,0.09504816599655896,63,11,6,0.06339369469691414,0.06169262294834485
ADANIGREEN,2026-07-29,test,fourier,0.0050090519524151455,0.07077465614480331,0.08501170799718238,63,10,5,0.06905950617038677,0.07023721626300339
ADANIGREEN,2026-07-30,test,fourier,0.0050090519524151455,0.07077465614480331,0.06448354099120479,63,7,4,0.06783195670993805,0.06787682104926758
ADANIGREEN,2026-07-31,test,fourier,0.0050090519524151455,0.07077465614480331,0.08121320800273679,63,9,5,0.07238949937815914,0.06751000694344297
ADANIGREEN,2026-08-03,test,fourier,0.0050090519524151455,0.07077465614480331,0.09603883299860172,63,10,5,0.04507457926912477,0.046752227671445656
ADANIPOWER,2026-06-29,validation,fourier,0.3238336488780243,0.5690638355035613,0.519548708005459,43,9,4,0.010924820782435153,0.007552826907841883
ADANIPOWER,2026-06-30,validation,fourier,0.26851201498732646,0.5181814498680231,0.4765893749863608,43,9,4,0.010457185547230987,0.007373442155064521
ADANIPOWER,2026-07-01,validation,fourier,0.2816743436957766,0.5307300101706861,0.5441503330075648,43,9,4,0.007272942376306792,0.008701110379243478
ADANIPOWER,2026-07-02,validation,fourier,0.28592471722107765,0.5347192882448487,0.4110601249994943,43,9,5,0.011444590555743147,0.010014546213272774
ADANIPOWER,2026-07-06,validation,fourier,0.2659687424885983,0.5157215745812834,0.656196459007333,45,10,5,0.013785373553770094,0.00995085500505628
ADANIPOWER,2026-07-10,validation,fourier,0.27552084514148506,0.5249007955237686,0.8420879159966717,43,10,5,0.008579595902258076,0.011883975236740339
ADANIPOWER,2026-07-13,validation,fourier,0.3104333648087034,0.5571654734535364,0.47663608299626503,43,9,5,0.006814467110034037,0.010718337418729226
ADANIPOWER,2026-07-14,validation,fourier,0.29820141596286076,0.5460782141441469,0.43432162499811966,43,12,6,0.007497099972548823,0.003995488934559821
ADANIPOWER,2026-07-16,test,fourier,0.3596582976079021,0.5997151804047502,0.41997512499801815,42,9,4,0.02135889645948749,0.020104278888604627
ADANIPOWER,2026-07-17,test,fourier,0.2902509047142242,0.5387493895256162,0.37494241700915154,42,11,5,0.028687900731888278,0.012715768176520434
ADANIPOWER,2026-07-20,test,fourier,0.31846860347727246,0.5643302255570514,0.3945030000031693,43,7,4,0.0031114885221775585,0.027262565278390022
ADANIPOWER,2026-07-21,test,fourier,0.2749655170966414,0.5243715448960226,0.5740398750058375,42,18,9,0.037809136637086974,0.032349314484021674
ADANIPOWER,2026-07-22,test,fourier,0.2615142201203262,0.5113846107582103,0.4609464170061983,43,6,3,0.008676301531262668,0.004215798581021779
ADANIPOWER,2026-07-23,test,fourier,0.20449103848363462,0.4522068536451373,0.5561716249940218,43,10,5,0.00787145873125153,0.007229151280679226
ADANIPOWER,2026-07-24,test,fourier,0.19975282646837805,0.44693716165516834,0.6406554590066662,43,7,4,0.005838148139836191,0.007305927600534012
ADANIPOWER,2026-07-27,test,fourier,0.15282432019048312,0.3909275127059787,0.45548579200112727,44,7,4,0.008990459079930442,0.008828102178248141
ADANIPOWER,2026-07-28,test,fourier,0.13848766376453606,0.37213930693294955,0.47253329200611915,44,9,5,0.008611885368324012,0.012278044957622728
ADANIPOWER,2026-07-29,test,fourier,0.14367371889623545,0.37904316231299495,0.3267515000043204,45,7,4,0.008962019205029741,0.012082207346321639
ADANIPOWER,2026-08-03,test,fourier,0.1370531241107947,0.37020686664457575,0.4485353330092039,44,8,4,0.013431202400018627,0.010323723800799075
CESC,2025-06-10,validation,fourier,0.0050090519524151455,0.07077465614480331,1.2255371670034947,63,6,3,0.008456360025958941,0.012375607324816223
CESC,2025-07-01,validation,fourier,0.0050090519524151455,0.07077465614480331,1.1322209579957416,63,9,4,0.0799143623246573,0.08172920624646729
CESC,2025-07-02,validation,fourier,0.0050090519524151455,0.07077465614480331,0.989406249995227,63,8,4,0.08010345600722814,0.0847167572786778
CESC,2025-07-15,validation,fourier,0.015057458310675183,0.12270883550370439,0.7307236659980845,49,7,4,0.020036436284016693,0.020045470665450243
CESC,2025-07-16,validation,fourier,0.0050090519524151455,0.07077465614480331,1.2435011669876985,63,9,4,0.010916440144561003,0.014436399062513636
CESC,2025-08-01,test,fourier,0.0050090519524151455,0.07077465614480331,0.9185112909908639,63,11,5,0.07145734915185001,0.07587141979498564
CESC,2025-08-04,test,fourier,0.0050090519524151455,0.07077465614480331,1.2649828330031596,63,11,6,0.06697070614034657,0.0667977431052482
CESC,2025-08-06,test,fourier,0.0050090519524151455,0.07077465614480331,1.0733630419999827,63,10,5,0.04557251133616367,0.04777310624165919
CESC,2025-08-07,test,fourier,0.0050090519524151455,0.07077465614480331,1.2618249999941327,63,13,6,0.04058394793447968,0.03877462558902996
CESC,2025-08-11,test,fourier,0.007395800072015774,0.08599883762014329,0.7304422500019427,44,12,6,0.0071520323964984435,0.010166959492004581
CESC,2025-08-13,test,fourier,0.0050090519524151455,0.07077465614480331,1.5242859999998473,63,10,5,0.030847674968536565,0.03755697212474418
CESC,2025-08-14,test,fourier,0.0050090519524151455,0.07077465614480331,1.3338308749953285,63,9,4,0.020920750940849078,0.024339464742844014
CESC,2025-08-18,test,fourier,0.022912687849801047,0.15136937553481894,0.9460485419986071,47,9,5,0.02168514165529977,0.01942629998796205
CESC,2025-08-19,test,fourier,0.03217132318463534,0.17936366182879782,0.737830624988419,46,7,3,0.017858577438748045,0.011559379063191464
JSWENERGY,2026-01-30,validation,fourier,0.011253088300026836,0.10608057456493548,1.0701496659894474,52,9,4,0.004934202152935809,0.0043582638346753135
JSWENERGY,2026-02-02,validation,fourier,0.0050090519524151455,0.07077465614480331,1.3230569579900475,63,9,5,0.004570309882966112,0.005655925455398711
JSWENERGY,2026-02-04,validation,fourier,0.0050090519524151455,0.07077465614480331,1.1167289159930078,63,13,6,0.010021525535152894,0.007225932788195856
JSWENERGY,2026-02-06,validation,fourier,0.0050090519524151455,0.07077465614480331,0.8555183330026921,63,11,6,0.020213400797181102,0.02278994655952541
JSWENERGY,2026-02-09,validation,fourier,0.0050090519524151455,0.07077465614480331,1.11480212501192,63,11,6,0.00905148947277249,0.003540712687506123
JSWENERGY,2026-02-12,validation,fourier,0.0050090519524151455,0.07077465614480331,1.008557417007978,63,8,4,0.010221217454025568,0.010251834316253454
JSWENERGY,2026-02-17,validation,fourier,0.03867092611544991,0.19664924641465042,0.7887688339978922,47,11,6,0.02055895819916516,0.018593878874664103
JSWENERGY,2026-02-20,validation,fourier,0.0050090519524151455,0.07077465614480331,0.5223367919970769,63,8,4,0.1042292870369098,0.10606466070655539
JSWENERGY,2026-02-25,validation,fourier,0.0050090519524151455,0.07077465614480331,0.7112723749887664,63,8,4,0.0900183860772821,0.09051307515688624
JSWENERGY,2026-02-27,validation,fourier,0.0050090519524151455,0.07077465614480331,0.6826450420048786,63,7,3,0.07428941186293368,0.07033523504603124
JSWENERGY,2026-03-02,validation,fourier,0.0050090519524151455,0.07077465614480331,0.6604398750059772,63,8,4,0.044824121124106144,0.04146671865451307
JSWENERGY,2026-03-04,validation,fourier,0.007660168887364315,0.08752239077724235,0.6806800829945132,47,7,4,0.015220272240372687,0.0304444325003397
JSWENERGY,2026-03-09,validation,fourier,0.030300507174365113,0.17407040866949533,0.5523261250054929,47,8,4,0.02144932155626818,0.024843799076061275
JSWENERGY,2026-03-11,validation,fourier,0.050212038644480136,0.22408042896353117,0.4116490000014892,45,8,4,0.01915687719204759,0.01726485158617948
JSWENERGY,2026-03-13,validation,fourier,0.09540208577356016,0.3088722806817733,0.4794039169937605,44,11,5,0.0050937166596896335,0.0030759981617760755
JSWENERGY,2026-03-18,validation,fourier,0.08008284124565156,0.28298911859937576,0.5245782920101192,44,9,5,0.017592599644401984,0.015574056577310057
JSWENERGY,2026-03-25,validation,fourier,0.0050090519524151455,0.07077465614480331,0.5817885830037994,63,7,4,0.021229780095876054,0.023879128940752493
JSWENERGY,2026-03-27,validation,fourier,0.010957880331146141,0.10467989458891398,0.39262004201009404,48,8,4,0.02075495344722713,0.02509108284768935
JSWENERGY,2026-03-30,validation,fourier,0.045543212743504154,0.21340855827146238,0.5726144579966785,46,9,4,0.0290054514948921,0.02830430301658753
JSWENERGY,2026-04-01,validation,fourier,0.0268420713076961,0.1638355007551663,0.5949135420087259,50,7,3,0.016673155646539917,0.010179626991439471
JSWENERGY,2026-04-02,validation,fourier,0.05201109601799336,0.22805941335098046,0.9102008339978056,47,9,4,0.016394172782250985,0.013301440125643962
JSWENERGY,2026-04-08,validation,fourier,0.030910521728795604,0.17581388377712268,0.5881986249878537,46,12,6,0.010908929444795348,0.009200161328401915
JSWENERGY,2026-04-09,validation,fourier,0.058150016116317156,0.24114314445224677,0.4805423750076443,46,9,4,0.006678257827865531,0.00452518449676076
JSWENERGY,2026-04-15,validation,fourier,0.10604451417841411,0.3256447668524924,0.511201750006876,44,15,7,0.031579339588291316,0.023754227143650594
JSWENERGY,2026-04-17,validation,fourier,0.07797489178922311,0.279239846349376,0.6005604160018265,45,12,6,0.03712548147788707,0.05166775613783168
JSWENERGY,2026-04-24,validation,fourier,0.060000705102739964,0.24495041355903027,0.9121877919969847,44,7,4,0.008159013200080181,0.009170989598260485
JSWENERGY,2026-04-27,validation,fourier,0.09519267524702653,0.3085331023521245,0.7937337920011487,44,11,6,0.013273432958286306,0.012517378285618455
JSWENERGY,2026-04-29,validation,fourier,0.09705755977580101,0.3115406229944997,0.8950113330065506,43,12,6,0.014858751377622029,0.014054986041568499
JSWENERGY,2026-04-30,validation,fourier,0.07670793156877338,0.2769619677298191,0.8856766670069192,45,8,4,0.01554604741691587,0.013250728955794431
JSWENERGY,2026-05-07,test,fourier,0.08872607778279112,0.2978692293319186,0.783385583999916,46,10,5,0.016931504074385276,0.014950581178995984
JSWENERGY,2026-05-08,test,fourier,0.10820502785802492,0.32894532654838693,0.9726007920107804,45,8,4,0.01776465505657686,0.014824022397451519
JSWENERGY,2026-05-14,test,fourier,0.08269139352429634,0.28756111267745565,1.3564445830124896,54,14,7,0.023712966626932248,0.019157094936753025
JSWENERGY,2026-05-26,test,fourier,0.0050090519524151455,0.07077465614480331,1.9103331249934854,63,11,5,0.07117882776812683,0.07022528996289543
JSWENERGY,2026-05-29,test,fourier,0.0050090519524151455,0.07077465614480331,1.8387448339926777,63,15,7,0.0482097822938777,0.050199540003922107
JSWENERGY,2026-06-01,test,fourier,0.0050090519524151455,0.07077465614480331,1.6472180410055444,63,9,4,0.025959753456576858,0.02775932350328706
JSWENERGY,2026-06-03,test,fourier,0.0050090519524151455,0.07077465614480331,1.6694953330006683,63,10,5,0.021162921279344875,0.01830856485453043
JSWENERGY,2026-06-09,test,fourier,0.04104601318863087,0.20259815692308472,0.8153247500013094,45,9,5,0.009152283133334245,0.008091731588095273
JSWENERGY,2026-06-12,test,fourier,0.01914180312452478,0.13835390534612596,1.2404705829976592,47,12,6,0.014584340490830029,0.017098592078434335
JSWENERGY,2026-06-15,test,fourier,0.055610569660029883,0.23581893405753043,0.5717280829994706,45,8,4,0.011812945151236091,0.010547143360577832
JSWENERGY,2026-06-16,test,fourier,0.0391520009517345,0.1978686457014716,0.6474548749974929,47,8,4,0.020002419656053372,0.018693097988946573
JSWENERGY,2026-06-18,test,fourier,0.04315952193739407,0.20774869900289164,0.732105875009438,44,11,6,0.02398175985370079,0.023592941391784885
JSWENERGY,2026-07-01,test,fourier,0.0050090519524151455,0.07077465614480331,0.9324720419972437,63,7,4,0.02505369559617072,0.01111450946066935
JSWENERGY,2026-07-02,test,fourier,0.0050090519524151455,0.07077465614480331,0.7176684589940123,63,8,4,0.030141112708850268,0.029650597108824697
JSWENERGY,2026-07-03,test,fourier,0.0050090519524151455,0.07077465614480331,0.9225252500036731,63,11,5,0.02047035619864114,0.019200181141732383
JSWENERGY,2026-07-06,test,fourier,0.019518552264091892,0.13970881240670502,0.47985845799848903,44,7,4,0.0048957954333026825,0.013781956786975325
JSWENERGY,2026-07-07,test,fourier,0.018275551841516417,0.13518709939012827,0.7450590420048684,47,12,6,0.00633393742715598,0.005937732342843322
JSWENERGY,2026-07-09,test,fourier,0.03699764925076058,0.19234773003797206,0.5664930420025485,50,9,4,0.007014649447090442,0.003441562258441682
JSWENERGY,2026-07-21,test,fourier,0.15541242306672406,0.3942238235656542,0.6848221249965718,44,9,5,0.017896077020602433,0.018109772675867084
JSWENERGY,2026-07-31,test,fourier,0.0050090519524151455,0.07077465614480331,0.8246849580027629,63,7,3,0.07806682136553876,0.08271194290326535
NHPC,2026-01-30,validation,fourier,0.12658064479246725,0.3557817375758166,0.42368925000482704,45,7,4,0.004106266958836535,0.00570991480118751
NHPC,2026-02-03,validation,fourier,0.11678050693379183,0.3417316299873218,0.44009187500341795,44,9,5,0.015476325230373277,0.018975217080817265
NHPC,2026-02-04,validation,fourier,0.14040113916600483,0.3747014000053974,0.4975582920014858,44,9,4,0.01512374954737913,0.013375921555975681
NHPC,2026-02-11,validation,fourier,0.055268379388842825,0.2350922784543185,0.8675837500049965,49,9,5,0.027874841050197198,0.03221266626320743
NHPC,2026-02-12,validation,fourier,0.06337501852261196,0.2517439542920782,0.4475439169909805,44,6,3,0.021118655868265192,0.009521168299472011
NHPC,2026-02-23,validation,fourier,0.0050090519524151455,0.07077465614480331,0.8466640420083422,63,6,3,0.02700605813078445,0.02674033374478649
NHPC,2026-02-26,validation,fourier,0.0050090519524151455,0.07077465614480331,0.580054582998855,63,6,3,0.030354982799022264,0.022941533948004574
NHPC,2026-03-04,validation,fourier,0.05367693108375438,0.23168282431754492,0.6731844169989927,44,7,4,0.006977607300648112,0.014062496910358215
NHPC,2026-03-05,validation,fourier,0.010859006465546798,0.10420655673011558,0.6333835410041502,51,7,4,0.0093002684965886,0.010715390414683387
NHPC,2026-03-09,validation,fourier,0.04344498799546834,0.2084346132375051,0.5348832080053398,49,8,4,0.01462536437747586,0.01883763135624258
NHPC,2026-03-10,validation,fourier,0.028748381694427054,0.16955347738818882,0.419521125004394,44,6,3,0.006462739914915788,0.001847933022868429
NHPC,2026-03-11,validation,fourier,0.059593836687498854,0.2441184890324755,0.29877725000551436,44,7,4,0.007795588242720541,0.009843259675647689
NHPC,2026-03-19,validation,fourier,0.07688739643164091,0.2772857667310764,0.5685148340126034,44,9,5,0.005380070739281918,0.011422202132126255
NHPC,2026-04-01,validation,fourier,0.09230178129107099,0.3038120822006113,0.4598589999950491,51,7,3,0.016071449950074954,0.018334402513471133
NHPC,2026-04-02,validation,fourier,0.0892234816937933,0.2987029991375937,0.34127833299862687,45,7,3,0.010941747513020546,0.006393388217794208
NHPC,2026-04-06,validation,fourier,0.10859942314828032,0.329544265840388,0.3584011670027394,43,7,3,0.012787695258192677,0.010307097915002257
NHPC,2026-04-08,validation,fourier,0.08589272362276167,0.29307460419279197,0.5027555840060813,44,9,4,0.010331710545409139,0.007818135495825584
NHPC,2026-04-09,validation,fourier,0.09230319986762295,0.30381441681991156,0.3052720409905305,44,7,3,0.00512947190993481,0.006551293616721259
NHPC,2026-04-13,validation,fourier,0.10653156988787435,0.32639174298360296,0.3876979170017876,45,7,3,0.004899393489007534,0.003728076110323333
NHPC,2026-04-15,validation,fourier,0.09040703633931294,0.3006776285979935,0.5622217920026742,44,11,5,0.010027132850625705,0.009113631724965607
NHPC,2026-04-30,validation,fourier,0.08622318609895721,0.29363784854639774,0.5648111670016078,48,7,3,0.014867402706843096,0.011753701026700675
NHPC,2026-05-04,validation,fourier,0.06758618331572903,0.2599734280955056,0.44852587500645313,47,6,3,0.016174251865818067,0.012650611294667127
NHPC,2026-05-06,test,fourier,0.0621637252784432,0.24932654346948943,0.34274479100713506,43,7,3,0.008910633728395827,0.00999068329748354
NHPC,2026-05-07,test,fourier,0.0801994331932101,0.28319504443618027,0.3733004579989938,44,7,3,0.01300295015754683,0.011175639878275283
NHPC,2026-05-21,test,fourier,0.0050090519524151455,0.07077465614480331,0.5016357919957954,63,6,3,0.026636406081223637,0.016786746193260215
NHPC,2026-05-26,test,fourier,0.0050090519524151455,0.07077465614480331,0.5849762500001816,63,7,3,0.030782994036726574,0.030294412411148653
NHPC,2026-05-27,test,fourier,0.0050090519524151455,0.07077465614480331,1.1406985000066925,63,8,4,0.03882046737083554,0.036372428010557414
NHPC,2026-06-01,test,fourier,0.0050090519524151455,0.07077465614480331,0.5634813340002438,63,7,4,0.015226873855172272,0.013437073064572229
NHPC,2026-06-02,test,fourier,0.0050090519524151455,0.07077465614480331,0.7968370419985149,63,15,8,0.04361557762622153,0.04083382130505907
NHPC,2026-06-03,test,fourier,0.0050090519524151455,0.07077465614480331,0.5941081670025596,63,11,5,0.02359358552601909,0.02790095975183474
NHPC,2026-06-04,test,fourier,0.0050090519524151455,0.07077465614480331,0.5015763749979669,63,11,6,0.02542836511541131,0.024192362631508008
NHPC,2026-06-05,test,fourier,0.0050090519524151455,0.07077465614480331,0.5875127500039525,63,8,4,0.028664010016839832,0.02759721685664851
NHPC,2026-06-09,test,fourier,0.014013795605161096,0.1183798783795671,0.5630329999985406,48,7,3,0.016547420665299323,0.01099660351079077
NHPC,2026-06-10,test,fourier,0.020994114869779184,0.14489346041067272,0.4747715419944143,47,9,4,0.01441122583893114,0.011941703630409653
NHPC,2026-06-12,test,fourier,0.0050090519524151455,0.07077465614480331,0.8472353749966715,63,11,5,0.021510124578097912,0.014392279394814146
NHPC,2026-06-16,test,fourier,0.0050090519524151455,0.07077465614480331,0.7121144170087064,63,6,3,0.011311388584982105,0.013801961818035818
NHPC,2026-06-17,test,fourier,0.007416970573370801,0.08612183563632861,0.44669183299993165,51,8,4,0.038545273991849954,0.0318934561954907
NHPC,2026-06-18,test,fourier,0.0050090519524151455,0.07077465614480331,0.8526935410045553,63,16,8,0.04823321599925029,0.057693572217359275
NHPC,2026-06-22,test,fourier,0.0050090519524151455,0.07077465614480331,0.8414417910098564,63,8,4,0.031707037095907435,0.028684514762687595
NHPC,2026-06-24,test,fourier,0.0050090519524151455,0.07077465614480331,0.9889995419944171,63,11,6,0.02519226703687874,0.02836106848792067
NHPC,2026-06-25,test,fourier,0.0050090519524151455,0.07077465614480331,0.888423625001451,63,9,5,0.03238108520850607,0.03765981681542027
NHPC,2026-07-03,test,fourier,0.0050090519524151455,0.07077465614480331,0.5261653330089757,63,9,5,0.019890485171569293,0.01694580999970368
NHPC,2026-07-07,test,fourier,0.020946447999245783,0.14472887755816316,0.437831917006406,48,8,4,0.023808765330827028,0.021963006091218273
NHPC,2026-07-10,test,fourier,0.03165164131777513,0.17790908160567612,0.35541245801141486,45,6,3,0.009933187276342272,0.006625343869535351
NHPC,2026-07-24,test,fourier,0.0050090519524151455,0.07077465614480331,0.6521306249924237,63,8,4,0.016166849296460565,0.018808256638239183
NHPC,2026-07-27,test,fourier,0.0050090519524151455,0.07077465614480331,0.5935755000100471,63,6,3,0.01246002206291887,0.016327587916369724
NHPC,2026-08-03,test,fourier,0.02164958507242281,0.1471379797075616,0.4706257910002023,47,9,5,0.017840230455384406,0.01610268184569133
NTPC,2025-12-18,validation,fourier,0.0050090519524151455,0.07077465614480331,0.7709512080036802,63,11,6,0.014012243934481628,0.014526406176716264
NTPC,2025-12-19,validation,fourier,0.0050090519524151455,0.07077465614480331,0.6686026249954011,63,9,4,0.01756914653466401,0.018305077071030244
NTPC,2025-12-22,validation,fourier,0.006103027467829816,0.07812187573164009,0.5594464159948984,49,13,7,0.03310788644703548,0.049490294521010024
NTPC,2025-12-23,validation,fourier,0.0050090519524151455,0.07077465614480331,0.7777601659909124,63,6,3,0.04350230973806619,0.043669333062175436
NTPC,2025-12-24,validation,fourier,0.0050090519524151455,0.07077465614480331,0.9419414589938242,63,7,4,0.04255815145297323,0.04221984810985018
NTPC,2025-12-26,validation,fourier,0.0050090519524151455,0.07077465614480331,0.557907125010388,63,9,4,0.036158003252470254,0.034729249467712484
NTPC,2025-12-29,validation,fourier,0.0050090519524151455,0.07077465614480331,0.7356903750041965,63,9,4,0.026508420139682694,0.024348088382848663
NTPC,2025-12-30,validation,fourier,0.0050090519524151455,0.07077465614480331,0.6456915000017034,63,13,6,0.02675696534422828,0.027729372777173016
NTPC,2025-12-31,validation,fourier,0.0050090519524151455,0.07077465614480331,0.9466011659969809,63,9,5,0.04506076900502274,0.04686662712104749
NTPC,2026-01-01,validation,fourier,0.0050090519524151455,0.07077465614480331,0.942983542001457,63,13,6,0.04540794949007124,0.04705702652340568
NTPC,2026-01-02,validation,fourier,0.0050090519524151455,0.07077465614480331,0.8303137920011068,63,15,8,0.018194896471203443,0.017013990720862637
NTPC,2026-01-05,validation,fourier,0.0050090519524151455,0.07077465614480331,0.914587166000274,63,14,7,0.015892959833331752,0.016674088804583865
NTPC,2026-01-06,validation,fourier,0.0050090519524151455,0.07077465614480331,0.7793100420094561,63,11,5,0.01413982900141901,0.015654797656667902
NTPC,2026-01-07,validation,fourier,0.0050090519524151455,0.07077465614480331,0.7066567500005476,63,11,5,0.010872585330094685,0.012159912663116357
NTPC,2026-01-08,validation,fourier,0.0050090519524151455,0.07077465614480331,0.9278754999977536,63,12,6,0.004586824491614353,0.0022211686622311093
NTPC,2026-01-14,validation,fourier,0.015385545286401531,0.12403848308650639,0.6424360829987563,48,13,6,0.019671964898063412,0.011568507310373007
NTPC,2026-01-21,validation,fourier,0.0051541392792229706,0.07179233440432879,0.6395172500051558,49,8,4,0.002956768731366205,0.003217343812457804
NTPC,2026-01-22,validation,fourier,0.006209130122577759,0.07879803374817013,0.5971104999916861,47,11,5,0.0049496307216287715,0.005095329857098024
NTPC,2026-01-23,validation,fourier,0.027595884046703177,0.16612008923276914,0.7133132089948049,45,11,5,0.009105810051702712,0.005987335334785304
NTPC,2026-01-29,validation,fourier,0.07930975440576256,0.28161987572925773,0.899959750007838,44,15,8,0.0031022772564374924,0.004367532281257009
NTPC,2026-01-30,validation,fourier,0.06259292519948934,0.2501857813695441,0.4962784579984145,43,16,8,0.008972505692089926,0.009326223566994363
NTPC,2026-02-02,validation,fourier,0.02208638169078866,0.14861487708432378,0.7077308330044616,46,15,8,0.012482027040125276,0.008612026363738194
NTPC,2026-02-03,validation,fourier,0.015247340439477284,0.12348012163695533,0.6220045000081882,51,15,7,0.007215523395267087,0.00680081277332347
NTPC,2026-02-04,validation,fourier,0.013944129486055439,0.11808526362783563,0.46139558299910277,47,16,8,0.009202469704730536,0.007594979849890201
NTPC,2026-02-05,validation,fourier,0.0050090519524151455,0.07077465614480331,0.6722995830059517,63,15,8,0.017994033078394787,0.016712041156136788
NTPC,2026-02-06,validation,fourier,0.0050090519524151455,0.07077465614480331,0.6499428340030136,63,13,7,0.012233373781857106,0.01254480866858629
NTPC,2026-02-10,validation,fourier,0.011149837531465845,0.10559279109610582,0.4228491249959916,50,12,6,0.013163181554149526,0.013206296152779289
NTPC,2026-02-12,validation,fourier,0.012962054620688855,0.11385101940996775,0.4581143749965122,48,13,6,0.043916627830489226,0.025795690352070792
NTPC,2026-02-16,validation,fourier,0.022640245243506236,0.1504667579351208,0.6354927500069607,47,13,6,0.03938737394059943,0.03443087890313568
NTPC,2026-02-20,validation,fourier,0.0050090519524151455,0.07077465614480331,0.7690379590058001,63,12,6,0.007379284854673677,0.0065356881435982
NTPC,2026-02-23,validation,fourier,0.014395442096795844,0.11998100723362778,0.7810616659990046,53,13,6,0.001692364763621523,0.001762010359989223
NTPC,2026-02-25,validation,fourier,0.0050090519524151455,0.07077465614480331,0.8032099590054713,63,13,6,0.008190139084416332,0.007126871860997063
NTPC,2026-02-27,validation,fourier,0.0050090519524151455,0.07077465614480331,0.7098916249960894,63,11,5,0.013409750566449444,0.013143070417556054
NTPC,2026-03-04,validation,fourier,0.027131879623715573,0.16471757533340387,0.5603861669951584,44,15,8,0.022686297470970375,0.023746504930926452
NTPC,2026-03-05,validation,fourier,0.008471845668265627,0.09204262962489515,0.6386413750005886,48,15,8,0.016608752259322512,0.014874807908385879
NTPC,2026-03-06,validation,fourier,0.015608037869842701,0.12493213305568228,0.7357671670033596,46,14,7,0.017492060044998564,0.015354753701665867
NTPC,2026-03-10,validation,fourier,0.03415340841272308,0.18480640793198455,0.6973285419953754,52,13,6,0.019994979524364728,0.019425814699272903
NTPC,2026-03-11,validation,fourier,0.04146523319651512,0.20363013823232337,0.4321122500114143,48,13,6,0.01995191821430001,0.019804309185284825
NTPC,2026-03-12,validation,fourier,0.05209810256337622,0.22825008776203398,0.5426289580063894,45,13,7,0.015190230152656498,0.013669220697760177
NTPC,2026-03-13,validation,fourier,0.054512778125244965,0.2334797167319786,0.6472342080087401,45,17,8,0.01917212037823576,0.01110984629669415
NTPC,2026-03-17,validation,fourier,0.03910416074537152,0.19774771994986826,0.6979140829935204,47,13,7,0.04148301264271288,0.02307033788577359
NTPC,2026-03-18,validation,fourier,0.032522114625011395,0.18033888827707514,0.565396417005104,44,13,6,0.02298902234320888,0.01966020977360105
NTPC,2026-03-19,validation,fourier,0.04460833071901494,0.21120684344740095,0.8927242499921704,43,14,7,0.0283296716784473,0.02592580838616755
NTPC,2026-03-24,validation,fourier,0.08594433465577614,0.29316264198525727,0.7648672909999732,43,8,4,0.017575478086860514,0.014925046499629053
NTPC,2026-03-25,validation,fourier,0.05476874626434686,0.2340272340227668,1.1374739580060123,44,9,4,0.012871988000263195,0.01150906772807612
NTPC,2026-04-01,validation,fourier,0.08210163295394089,0.28653382514799347,0.7276577919983538,44,13,7,0.02031946475421282,0.023023182235136476
NTPC,2026-04-08,validation,fourier,0.03637667001659383,0.1907266893137765,0.8353545410063816,47,18,9,0.009140705798272003,0.008220037306713062
NTPC,2026-04-09,validation,fourier,0.03598977078160753,0.1897097013376162,0.8325034159934148,46,15,8,0.013453298263947464,0.011449458986869969
NTPC,2026-04-10,validation,fourier,0.02949402401231646,0.1717382427193095,0.7771889580035349,46,15,7,0.012544188012225748,0.02001321755029243
NTPC,2026-04-15,test,fourier,0.036277069501144336,0.1904654023730933,0.915487791004125,45,23,11,0.025627326567655942,0.029410041580499653
NTPC,2026-04-17,test,fourier,0.02866675962532122,0.16931260917404,0.8785113339981763,52,17,8,0.016323659911213012,0.01112141752792315
NTPC,2026-04-20,test,fourier,0.04190402111028364,0.20470471687355823,0.9370232920045964,44,6,3,0.00657787131221848,0.0033313650259573836
NTPC,2026-04-21,test,fourier,0.041442326192803164,0.20357388386726616,0.6415491249936167,45,6,3,0.00505667602121775,0.005898320554567257
NTPC,2026-04-22,test,fourier,0.04612710465588959,0.2147722157447038,0.7752047499961918,52,9,4,0.006713907379806925,0.008483715497341593
NTPC,2026-04-23,test,fourier,0.052609190270324006,0.2293669336899371,0.7975575419986853,44,8,4,0.006618086080515898,0.005409775657132689
NTPC,2026-04-24,test,fourier,0.04046830415516569,0.20116735360183494,0.625568834002479,45,9,4,0.008589775830279934,0.00954767047626278
NTPC,2026-04-27,test,fourier,0.05710658398079056,0.23896983906089606,0.7662214999872958,44,13,6,0.0049101639437956505,0.007759212215163693
NTPC,2026-04-28,test,fourier,0.05203801035042876,0.22811841300173197,0.5163220419926802,45,12,6,0.006495324477499132,0.006010403782477052
NTPC,2026-04-29,test,fourier,0.04501824359096804,0.2121750305548889,0.7869317500008037,44,12,6,0.0045972830272344185,0.005974779048209744
NTPC,2026-04-30,test,fourier,0.03612055691002795,0.19005408943252958,0.9180532089958433,46,13,6,0.00484461565421721,0.005620217815263208
NTPC,2026-05-05,test,fourier,0.029485416183047106,0.17171317999223912,0.6083766249939799,47,11,5,0.005051932161560235,0.004199240094999762
NTPC,2026-05-06,test,fourier,0.027385839865489196,0.1654866757944252,0.42624891600280534,44,11,5,0.006198195713283834,0.004972740992002863
NTPC,2026-05-07,test,fourier,0.032965218000528165,0.18156326170381543,0.46412920800503343,44,12,6,0.009701353092221232,0.004337386057295759
NTPC,2026-05-11,test,fourier,0.0440549975310489,0.20989282391508504,0.47110558301210403,44,11,6,0.008306384236212534,0.008656577082005255
NTPC,2026-05-14,test,fourier,0.03472304357297407,0.18634120202728668,0.5712112500041258,46,11,6,0.022911354264826853,0.01824144429708035
NTPC,2026-05-18,test,fourier,0.040441844649458755,0.201101577938759,0.6171378339931834,47,13,6,0.03676041830594883,0.05031537565432121
NTPC,2026-05-22,test,fourier,0.0050090519524151455,0.07077465614480331,0.7701353339944035,63,8,4,0.032321951135564214,0.03141774028895052
NTPC,2026-05-25,test,fourier,0.0050090519524151455,0.07077465614480331,1.0447624579974217,63,9,5,0.0680219031218407,0.032405673143461475
NTPC,2026-05-27,test,fourier,0.0050090519524151455,0.07077465614480331,0.6823579170013545,63,11,5,0.0358011978630795,0.03626048958398081
NTPC,2026-06-01,test,fourier,0.0050090519524151455,0.07077465614480331,0.8067576670000562,63,13,6,0.009138849620043776,0.010224809555265104
NTPC,2026-06-02,test,fourier,0.007931110386415793,0.08905678181034724,0.6551088339911075,47,14,7,0.004285104848355174,0.0049950031037428065
NTPC,2026-06-03,test,fourier,0.022111138541214163,0.14869814572217827,0.8685902090073796,45,11,6,0.005385503424416194,0.005999912461946047
NTPC,2026-06-04,test,fourier,0.024141808913907124,0.1553763460566219,0.74948804199812,43,13,6,0.00577165529442696,0.00532141533092892
NTPC,2026-06-09,test,fourier,0.02818533572178188,0.1678848883067856,1.2752517079934478,46,14,7,0.010500600364424142,0.010273682616473802
NTPC,2026-06-11,test,fourier,0.03168525119647643,0.17800351456214686,1.0487182090000715,52,13,6,0.01092094045926458,0.006969901109124983
NTPC,2026-06-12,test,fourier,0.025516508144860253,0.1597388748703967,0.8991242499905638,46,16,8,0.010843876936764226,0.01779071436765277
NTPC,2026-06-15,test,fourier,0.04726610278707109,0.21740768796680374,1.3521850840043044,47,20,10,0.017537550394306437,0.013618063517752877
NTPC,2026-06-18,test,fourier,0.02194998341120278,0.14815526791580103,1.0536991249973653,47,24,11,0.024847973338439727,0.017656833918337982
NTPC,2026-06-19,test,fourier,0.024621644880118133,0.15691285759974588,0.8339131249958882,51,22,11,0.026561122286436315,0.023685692866713598
NTPC,2026-06-25,test,fourier,0.015698409203586318,0.12529329273183906,1.0346474170073634,51,9,5,0.011411677621343487,0.007848614666461813
NTPC,2026-06-29,test,fourier,0.026462731521671015,0.16267369646525837,0.6583865420107031,47,11,6,0.012921538665296746,0.009444701028911267
NTPC,2026-07-03,test,fourier,0.0050090519524151455,0.07077465614480331,1.27407349999703,63,9,5,0.017408612210990326,0.015092572247692566
NTPC,2026-07-07,test,fourier,0.011676050859322018,0.10805577661246074,0.6777927920047659,46,7,3,0.007715527489461619,0.005976093150946804
NTPC,2026-07-16,test,fourier,0.03195792270705071,0.1787677899036924,0.7021450830070535,45,12,6,0.01319998848063872,0.01210416907953542
NTPC,2026-07-20,test,fourier,0.0407139345541964,0.20177694257321968,0.7893665830051759,48,18,8,0.04773469601408768,0.022431477916786166
NTPC,2026-07-21,test,fourier,0.01623753024760221,0.1274265680602056,1.168718208995415,47,7,4,0.006099606134655302,0.02093215476913761
NTPC,2026-07-22,test,fourier,0.017833632493203515,0.13354262425609104,0.7182862910121912,44,6,3,0.004040271663549294,0.004914376010716648
NTPC,2026-07-23,test,fourier,0.019323793986446437,0.13901004994764385,0.63597645801201,45,8,4,0.005730228960810854,0.0066303942233167145
NTPC,2026-07-24,test,fourier,0.012076190803184426,0.10989172308770313,0.8061140840000007,45,9,4,0.006644939086297883,0.004079590248359401
NTPC,2026-07-27,test,fourier,0.0050090519524151455,0.07077465614480331,0.8005650830018567,63,11,5,0.00577214225478279,0.003263669422371564
NTPC,2026-07-28,test,fourier,0.01745519390881791,0.13211810590838,0.45059041600325145,46,11,6,0.009143960950850107,0.010100336729622034
NTPC,2026-07-29,test,fourier,0.00863924758322865,0.09294755286304557,0.8448146660084603,46,12,6,0.006727614317489314,0.0055434729253077
NTPC,2026-07-30,test,fourier,0.0050090519524151455,0.07077465614480331,0.7573061250004685,63,9,4,0.015029112134279661,0.009803355347833175
NTPC,2026-07-31,test,fourier,0.0050090519524151455,0.07077465614480331,0.7793530409981031,63,8,4,0.0114491501884356,0.013399259630990805
POWERGRID,2025-12-18,validation,fourier,0.0050090519524151455,0.07077465614480331,0.8480264589888975,63,17,9,0.03736028969500364,0.04944452859338066
POWERGRID,2025-12-23,validation,fourier,0.0050090519524151455,0.07077465614480331,0.6195922080078162,63,7,3,0.045555307856173066,0.04509256392347926
POWERGRID,2025-12-24,validation,fourier,0.0050090519524151455,0.07077465614480331,0.7640603329928126,63,9,5,0.039860390565759705,0.045993023528646454
POWERGRID,2025-12-26,validation,fourier,0.0050090519524151455,0.07077465614480331,1.2014850409905193,63,10,5,0.037143285601138,0.03783672824561677
POWERGRID,2025-12-29,validation,fourier,0.0050090519524151455,0.07077465614480331,0.949570249998942,63,12,6,0.019602045163324058,0.02149350327570369
POWERGRID,2025-12-30,validation,fourier,0.0050090519524151455,0.07077465614480331,0.9679023329954362,63,13,6,0.025707436522571993,0.027792769369852283
POWERGRID,2025-12-31,validation,fourier,0.0050090519524151455,0.07077465614480331,0.7075321660086047,63,8,4,0.04039867480307687,0.04076637403032407
POWERGRID,2026-01-01,validation,fourier,0.0050090519524151455,0.07077465614480331,0.6918310000037309,63,9,5,0.03789665491985851,0.0348602378024461
POWERGRID,2026-01-02,validation,fourier,0.0050090519524151455,0.07077465614480331,0.9531421659921762,63,10,5,0.024100257295037078,0.02517149107410437
POWERGRID,2026-01-05,validation,fourier,0.0050090519524151455,0.07077465614480331,0.7493165000050794,63,10,5,0.01616793121199096,0.01360177928074523
POWERGRID,2026-01-06,validation,fourier,0.0050090519524151455,0.07077465614480331,0.8010244999895804,63,9,5,0.005825044182710739,0.007088560378754522
POWERGRID,2026-01-07,validation,fourier,0.011926032405891586,0.1092063752987507,0.6021468749968335,46,10,5,0.024804964172516975,0.007166241777348534
POWERGRID,2026-01-12,validation,fourier,0.02077690525956981,0.14414196217469016,0.5572367919958197,46,15,7,0.024170102573055057,0.026987030933443932
POWERGRID,2026-01-16,validation,fourier,0.009299966355993073,0.09643633317372179,0.8162903340125922,50,7,3,0.00809261351439018,0.00424385054569233
POWERGRID,2026-01-19,validation,fourier,0.01256811813712264,0.1121076185507597,0.7125791250000475,46,8,4,0.005255698254763593,0.007567902592086156
POWERGRID,2026-01-22,validation,fourier,0.018660735388360074,0.13660430223225062,0.6855490000016289,45,10,5,0.007719475899107624,0.00820276819090225
POWERGRID,2026-01-23,validation,fourier,0.04411706869160954,0.21004063581033444,0.6114906250004424,49,11,5,0.012424225503576497,0.007834098680198506
POWERGRID,2026-01-28,validation,fourier,0.07449109801284513,0.27293057361322703,0.6578976250020787,45,13,7,0.009504716783329465,0.009619707593707817
POWERGRID,2026-01-29,validation,fourier,0.09342559085525125,0.30565600084940464,0.5659203750110464,44,11,5,0.00345382041732994,0.0075201642578327475
POWERGRID,2026-01-30,validation,fourier,0.10536563647907787,0.3246007339472261,0.49090704100672156,44,11,5,0.004052330683913638,0.003994181193702479
POWERGRID,2026-02-02,validation,fourier,0.04827788532969649,0.21972229138095317,0.6006894999882206,44,17,8,0.0205071001692528,0.018719895382513726
POWERGRID,2026-02-03,validation,fourier,0.0360500869625925,0.18986860446791223,1.3852262500004144,46,16,8,0.019345032347199833,0.01705886311575233
POWERGRID,2026-02-05,validation,fourier,0.029576697447248383,0.17197877033880776,1.1935753330035368,46,15,7,0.014484897219148354,0.011480733198523965
POWERGRID,2026-02-06,validation,fourier,0.03745119826168587,0.1935231207419048,0.9153068750019884,46,14,7,0.022287949198646115,0.022653595065390112
POWERGRID,2026-02-13,validation,fourier,0.019844837565776423,0.14087170605120258,0.8404987079993589,48,19,9,0.04270223158121663,0.043349255196431236
POWERGRID,2026-02-16,validation,fourier,0.01837845098474705,0.13556714566865768,0.4820072499860544,45,7,4,0.009535279486415287,0.005107091322160883
POWERGRID,2026-02-17,validation,fourier,0.044837450774639694,0.21174855554321897,1.428621375001967,46,23,12,0.07314970212058755,0.09403495712306913
POWERGRID,2026-02-18,validation,fourier,0.0050090519524151455,0.07077465614480331,0.7114402080042055,63,9,4,0.007078387556085966,0.0071986821624710215
POWERGRID,2026-02-19,validation,fourier,0.0050090519524151455,0.07077465614480331,0.6656721249892144,63,9,5,0.019842670360234245,0.020222988292014483
POWERGRID,2026-02-23,validation,fourier,0.012470631803454342,0.1116719830729908,0.45584537500690203,46,13,7,0.006106750390945378,0.0022655835492846493
POWERGRID,2026-02-26,validation,fourier,0.0050090519524151455,0.07077465614480331,1.1123282499902416,63,13,6,0.0038459026581231064,0.005336161682217962
POWERGRID,2026-02-27,validation,fourier,0.0050090519524151455,0.07077465614480331,1.1911199999885866,63,12,6,0.005343433352249844,0.00332828085832086
POWERGRID,2026-03-10,validation,fourier,0.04758207227164692,0.21813315261932772,0.5787815829971805,44,11,6,0.011771376984531507,0.013453395384668108
POWERGRID,2026-03-11,validation,fourier,0.0586589888439194,0.24219617842550573,0.6098115839995444,44,12,6,0.028246520121719652,0.018559699802129966
POWERGRID,2026-03-12,validation,fourier,0.06549945243987373,0.255928608091932,0.6600038750038948,45,11,5,0.028286091889965705,0.01155292266565654
POWERGRID,2026-03-13,validation,fourier,0.08669539558195222,0.29444081847113557,0.7895274170004996,43,11,6,0.00457442296930318,0.003915418532580355
POWERGRID,2026-03-17,validation,fourier,0.06976601340403688,0.26413256785946876,1.0209451670089038,49,13,6,0.01902988375595369,0.02328188441878011
POWERGRID,2026-03-18,validation,fourier,0.06102458683384221,0.24703155028020654,0.872396499995375,45,9,5,0.02989851751931191,0.02297809746875659
POWERGRID,2026-03-19,validation,fourier,0.07330671115910062,0.27075212124580045,0.9291202500025975,44,18,9,0.027810627558375156,0.0270998691399895
POWERGRID,2026-03-20,validation,fourier,0.07101238361234186,0.2664814883108053,0.7206455410050694,44,11,5,0.029302164370614187,0.02590231769396816
POWERGRID,2026-03-23,validation,fourier,0.12555232014196835,0.3543336282967909,0.7639974170015194,44,8,4,0.00736081860533855,0.008218608715050486
POWERGRID,2026-03-24,validation,fourier,0.11777955633981206,0.3431902625946897,0.9211024999967776,43,9,4,0.014166893606933547,0.010721537456144084
POWERGRID,2026-03-25,validation,fourier,0.1128413159719935,0.3359186151019224,0.9032443749892991,44,10,5,0.023561821907108583,0.02292688395414627
POWERGRID,2026-03-27,validation,fourier,0.13586065505919448,0.3685928038624662,0.8653920420038048,44,13,7,0.013159189712195868,0.014090260342652119
POWERGRID,2026-03-30,validation,fourier,0.13498953511372996,0.3674092202350534,0.735335874996963,46,13,6,0.019156935304056124,0.01973665848480716
POWERGRID,2026-04-02,validation,fourier,0.09321229553419981,0.3053068874660377,0.7955006249976577,44,12,6,0.014251909292560686,0.01300466564398886
POWERGRID,2026-04-06,validation,fourier,0.09472179395905427,0.3077690594570128,0.9959559999988414,44,12,6,0.017592370515290185,0.01572535634976092
POWERGRID,2026-04-07,validation,fourier,0.07143714217097881,0.2672772758222794,0.8227987909922376,50,9,4,0.013773276855639659,0.01112940033376575
POWERGRID,2026-04-08,validation,fourier,0.05710643973392796,0.23896953725093908,1.2537045839999337,44,13,6,0.007696727043448746,0.011852821230106204
POWERGRID,2026-04-10,validation,fourier,0.04556338481192296,0.21345581465943475,0.6923563330055913,45,11,5,0.012356432364868542,0.010104176273411349
POWERGRID,2026-04-15,test,fourier,0.07477891198581635,0.2734573311977873,0.6842548330023419,45,11,6,0.018285134085969285,0.020000141325309535
POWERGRID,2026-04-16,test,fourier,0.07717644973535995,0.27780649692791554,1.3232989579992136,44,17,8,0.013423626698514407,0.012045202801600315
POWERGRID,2026-04-17,test,fourier,0.04826112306696828,0.21968414386789112,1.1838070000085281,46,12,6,0.03546077322920539,0.02831457560257993
POWERGRID,2026-04-20,test,fourier,0.05546583841777971,0.2355118647070243,0.81305570800032,51,7,3,0.006138922870179095,0.0031296374285662955
POWERGRID,2026-04-21,test,fourier,0.047776419096840564,0.21857817616779715,0.6938174170063576,45,9,4,0.007311706710711453,0.01011687147810483
POWERGRID,2026-04-22,test,fourier,0.0562356823796406,0.23714063839764074,0.8239321659930283,48,8,4,0.009479277358995291,0.007100585120086453
POWERGRID,2026-04-23,test,fourier,0.06241152728797839,0.2498229919122305,0.8445909169968218,46,7,4,0.006830459113704169,0.00652301135661037
POWERGRID,2026-04-24,test,fourier,0.04942198488229399,0.22231055953843937,0.8586262499884469,45,11,6,0.012002420985086571,0.012586048355176235
POWERGRID,2026-04-27,test,fourier,0.06765642143033748,0.26010848012000204,0.6653977499954635,45,11,5,0.009362761521480556,0.012650542286267224
POWERGRID,2026-04-28,test,fourier,0.05908400782921679,0.2430720218972492,0.9476529999956256,44,11,6,0.009183781065224415,0.010594391328571276
POWERGRID,2026-04-30,test,fourier,0.050489853979867265,0.2246994748099498,1.3299171249964274,44,9,5,0.009508994914053959,0.009092094648004206
POWERGRID,2026-05-04,test,fourier,0.05048576002689626,0.22469036478428767,0.5918426249991171,44,9,5,0.008785632609219355,0.008062806782806022
POWERGRID,2026-05-06,test,fourier,0.04516828937152328,0.2125283260450787,0.778690999999526,44,9,5,0.006900670404242028,0.01183978558695376
POWERGRID,2026-05-15,test,fourier,0.08606607779101114,0.29337020603839636,0.8558812080009375,44,15,7,0.03410624889079431,0.028616706444504713
POWERGRID,2026-05-19,test,fourier,0.048971242712540726,0.22129447058736176,0.8185343749937601,50,13,7,0.04230035859555167,0.05756527726626506
POWERGRID,2026-05-22,test,fourier,0.0050090519524151455,0.07077465614480331,1.3301106250000885,63,11,6,0.02314145733303753,0.018738486073233817
POWERGRID,2026-05-25,test,fourier,0.0050090519524151455,0.07077465614480331,1.5339588339993497,63,10,5,0.02160442253210353,0.02192642955080371
POWERGRID,2026-05-26,test,fourier,0.0050090519524151455,0.07077465614480331,1.117468166994513,63,11,5,0.02234629359215259,0.023445246760250196
POWERGRID,2026-05-27,test,fourier,0.0050090519524151455,0.07077465614480331,0.8508341659908183,63,9,4,0.027373538036468956,0.028599566099854565
POWERGRID,2026-05-29,test,fourier,0.0050090519524151455,0.07077465614480331,1.0697772499988787,63,12,6,0.011190751292353208,0.011305739493749474
POWERGRID,2026-06-01,test,fourier,0.0050090519524151455,0.07077465614480331,1.054872125008842,63,7,4,0.006544693878521364,0.004375920804192724
POWERGRID,2026-06-03,test,fourier,0.0050090519524151455,0.07077465614480331,1.3973282079969067,63,10,5,0.002778041163589947,0.002768114299669024
POWERGRID,2026-06-04,test,fourier,0.0050090519524151455,0.07077465614480331,1.1566782919981051,63,7,4,0.005673844497806938,0.005134631477374877
POWERGRID,2026-06-08,test,fourier,0.015019707041858215,0.12255491439292925,1.136782082990976,51,9,4,0.007144842019589073,0.0036069226147944166
POWERGRID,2026-06-09,test,fourier,0.019754636434357355,0.1405511879507155,0.9366179999924498,46,9,4,0.005146566183369995,0.0035892863797159402
POWERGRID,2026-06-11,test,fourier,0.02528971372639566,0.15902739929457332,0.8123182499984978,44,9,5,0.0029187510543844213,0.0029095636661715996
POWERGRID,2026-06-12,test,fourier,0.0294688525898992,0.17166494280982125,0.5505549170047743,45,9,4,0.005698023242314579,0.003148117587042688
POWERGRID,2026-06-15,test,fourier,0.03860724926220906,0.1964872750643386,0.49862416699761525,46,8,4,0.007520453799173418,0.007910726123198788
POWERGRID,2026-06-16,test,fourier,0.03543711611628727,0.18824748634785876,0.9857420830085175,45,9,5,0.014528500529277231,0.022324056986224014
POWERGRID,2026-06-19,test,fourier,0.0050090519524151455,0.07077465614480331,1.0059128330030944,63,7,3,0.023926180331407507,0.022523021737114967
POWERGRID,2026-06-22,test,fourier,0.0050090519524151455,0.07077465614480331,1.0926842089975253,63,7,3,0.00961385143020805,0.006533358867999428
POWERGRID,2026-06-23,test,fourier,0.0050090519524151455,0.07077465614480331,1.0488842089980608,63,6,3,0.003537584688310657,0.004066325402555431
POWERGRID,2026-06-24,test,fourier,0.0050090519524151455,0.07077465614480331,0.7091408329870319,63,10,5,0.00849143933341661,0.007288939553581237
POWERGRID,2026-06-30,test,fourier,0.006293237387922593,0.07932992744180845,0.626425417009159,45,11,6,0.0028958940756008546,0.008756111467978575
POWERGRID,2026-07-01,test,fourier,0.0050090519524151455,0.07077465614480331,1.228322915994795,63,9,4,0.010527734074423511,0.011627824391200777
POWERGRID,2026-07-02,test,fourier,0.0050090519524151455,0.07077465614480331,0.8526718330103904,63,9,4,0.014984482134915508,0.01581312576060554
POWERGRID,2026-07-07,test,fourier,0.00587782450411496,0.07666697140304266,0.5375933750037802,51,7,4,0.007808805394781222,0.00631638279104368
POWERGRID,2026-07-08,test,fourier,0.014378340566878848,0.11990971840046513,0.39218637500016484,47,7,4,0.0068938712152885094,0.0043394464553650055
POWERGRID,2026-07-09,test,fourier,0.008264466228598406,0.09090910971183475,0.5875127500039525,49,8,4,0.019201998218689637,0.006578514063104058
POWERGRID,2026-07-10,test,fourier,0.00827717200440445,0.09097896462592026,0.518395666993456,48,7,3,0.006974268717016886,0.006072419744898039
POWERGRID,2026-07-13,test,fourier,0.01745786734804045,0.13212822313207898,0.6332084169989685,46,9,4,0.020879400610785723,0.009855648260065257
POWERGRID,2026-07-14,test,fourier,0.0196237084372723,0.14008464740032114,0.5810906249971595,46,8,4,0.006828960157224207,0.0047682424955902145
POWERGRID,2026-07-15,test,fourier,0.03713684745123584,0.19270923032183965,0.7564859999984037,47,8,4,0.00476216922191325,0.005031510651493017
POWERGRID,2026-07-16,test,fourier,0.028421089032282132,0.16858555404388043,0.8078726669918979,50,7,3,0.006416068605605715,0.0038972860736900933
POWERGRID,2026-07-21,test,fourier,0.0384087068769451,0.19598139421114724,0.48276616699877195,46,11,6,0.031147011900277178,0.03300067593947374
POWERGRID,2026-07-22,test,fourier,0.0050090519524151455,0.07077465614480331,0.5176043329993263,63,6,3,0.01593533997565786,0.025246529958096443
POWERGRID,2026-07-24,test,fourier,0.0050090519524151455,0.07077465614480331,0.6530788340023719,63,8,4,0.044205845276039664,0.011946281666685077
POWERGRID,2026-07-27,test,fourier,0.0050090519524151455,0.07077465614480331,1.0413793749903562,63,9,4,0.009099200156829636,0.004599503478373691
POWERGRID,2026-08-03,test,fourier,0.025718611542469533,0.16037023271938447,0.6418207079987042,46,10,5,0.007403693311990097,0.014365723774026406
SJVN,2025-06-10,validation,fourier,0.06938958310471041,0.2634190257075415,0.3866374579956755,45,9,5,0.0186924600499232,0.021571296758335908
SJVN,2025-06-12,validation,fourier,0.08218185861868785,0.28667378432407775,0.5717885830090381,44,7,3,0.014057716403325213,0.012461323491723998
SJVN,2025-06-13,validation,fourier,0.11062490943543374,0.33260323124623087,0.6988876249961322,43,8,4,0.007210443468920373,0.005761701938638793
SJVN,2025-06-30,validation,fourier,0.0050090519524151455,0.07077465614480331,0.5102629580069333,63,6,3,0.018698846366813137,0.01843469505580863
SJVN,2025-07-04,validation,fourier,0.01470339180723619,0.12125754330034974,0.5194187919987598,47,9,4,0.015338715322081925,0.025429703223389763
SJVN,2025-07-07,validation,fourier,0.016055117040370683,0.12670878833123883,0.4514513330068439,46,7,3,0.014615697713308963,0.010459172374256946
SJVN,2025-07-18,test,fourier,0.08080417272202273,0.28426074776870397,0.3855560000083642,44,9,4,0.017598152337227703,0.021110898734510643
SJVN,2025-07-22,test,fourier,0.10008213111868441,0.3163576000646806,0.3749177909921855,44,9,4,0.014976521041947875,0.018916916622098493
SJVN,2025-08-01,test,fourier,0.0432454861982673,0.2079554909067498,0.5776091669977177,57,7,4,0.013810766628663916,0.006828999893077175
SJVN,2025-08-04,test,fourier,0.06059510525479474,0.24616073052945456,0.6354873329983093,54,8,4,0.022945532360774828,0.0162587981858615
SJVN,2025-08-05,test,fourier,0.08732275626934467,0.2955042406960426,0.4386933330097236,44,7,3,0.019794982427621222,0.01769359486839373
SJVN,2025-08-07,test,fourier,0.09131195666891544,0.30217868334631987,0.4817564160039183,44,7,3,0.02223030865367416,0.03443470884501066
SJVN,2025-08-11,test,fourier,0.18432941651321513,0.42933601818763717,0.6415879580017645,43,8,4,0.011827033657226916,0.01407251375116087
SJVN,2025-08-12,test,fourier,0.08071536032133672,0.28410448838646796,0.3571197499986738,54,8,4,0.01368590974367931,0.01194310061376006
SJVN,2025-08-13,test,fourier,0.06238393865977966,0.2497677694575096,0.35997558300732635,46,7,4,0.02162995642757596,0.0277949548599419
TATAPOWER,2025-12-16,validation,fourier,0.0050090519524151455,0.07077465614480331,0.9057934590091463,63,14,8,0.033266318164618607,0.03541349211710504
TATAPOWER,2025-12-17,validation,fourier,0.01194361084468414,0.10928682832200841,0.7318778329936322,52,9,5,0.010247618694481913,0.030700203632771185
TATAPOWER,2025-12-22,validation,fourier,0.008271444380230534,0.09094748143973276,1.0455357909959275,48,16,7,0.04362522810400871,0.038235438535227394
TATAPOWER,2025-12-23,validation,fourier,0.0050090519524151455,0.07077465614480331,0.8151841249928111,63,7,4,0.05266688629189281,0.05116453787252759
TATAPOWER,2025-12-24,validation,fourier,0.0050090519524151455,0.07077465614480331,0.8934610419964883,63,10,5,0.059665446512359686,0.05995329083456516
TATAPOWER,2025-12-26,validation,fourier,0.0050090519524151455,0.07077465614480331,0.6904346669907682,63,12,6,0.04970650138303095,0.05177106163672683
TATAPOWER,2025-12-29,validation,fourier,0.0050090519524151455,0.07077465614480331,0.7769018749968382,63,13,7,0.0490440958447321,0.05058756359695157
TATAPOWER,2025-12-30,validation,fourier,0.0050090519524151455,0.07077465614480331,0.7333743330091238,63,15,8,0.049694903556009334,0.05071194117010999
TATAPOWER,2025-12-31,validation,fourier,0.0050090519524151455,0.07077465614480331,1.1957294580060989,63,13,7,0.046146116229839294,0.04838574136464337
TATAPOWER,2026-01-01,validation,fourier,0.0050090519524151455,0.07077465614480331,0.9364602919958998,63,10,5,0.04705422402009077,0.050139340744701374
TATAPOWER,2026-01-02,validation,fourier,0.0050090519524151455,0.07077465614480331,0.9819124160130741,63,17,9,0.043137525172979536,0.04492802390707447
TATAPOWER,2026-01-06,validation,fourier,0.0050090519524151455,0.07077465614480331,1.0417385420005303,63,12,6,0.030116474264692397,0.02557311908550558
TATAPOWER,2026-01-08,validation,fourier,0.011797395160661696,0.10861581450535505,0.778063417004887,46,17,8,0.012024695828952565,0.015065076699388148
TATAPOWER,2026-01-09,validation,fourier,0.013455758330497343,0.11599895831643206,0.6650149999913992,48,15,8,0.011019085521456211,0.01866321847338084
TATAPOWER,2026-01-12,validation,fourier,0.025540610811898002,0.15981430102433888,0.605242667006678,46,15,8,0.008096430068067349,0.010200378255051335
TATAPOWER,2026-01-13,validation,fourier,0.026830389867030294,0.16379984696888547,1.1378138339932775,45,18,9,0.016251991569603618,0.015279762199632282
TATAPOWER,2026-01-14,validation,fourier,0.027641313975499716,0.1662567712169935,0.565453791001346,47,13,7,0.018104312175873702,0.011574925624895475
TATAPOWER,2026-01-19,validation,fourier,0.007123586012418684,0.08440133892550926,0.5591619159968104,51,8,4,0.010913982331921899,0.009944279204877712
TATAPOWER,2026-01-21,validation,fourier,0.01790835735264563,0.13382211085110574,0.8231221250025555,48,13,6,0.021073449979594826,0.019558180747691264
TATAPOWER,2026-01-22,validation,fourier,0.0050090519524151455,0.07077465614480331,0.8869015420059441,63,13,7,0.027895904985444718,0.03824514500572461
TATAPOWER,2026-01-23,validation,fourier,0.0204930285377225,0.14315386316031606,0.694275458008633,49,21,10,0.03482195923292866,0.03366723880634638
TATAPOWER,2026-01-28,validation,fourier,0.07572911842040204,0.27518924110582893,0.499540667005931,46,12,6,0.01995994254511603,0.019087386409567787
TATAPOWER,2026-01-29,validation,fourier,0.06349189818624361,0.25197598732070403,0.5877380829915637,49,17,8,0.023670509609472114,0.019242410246953664
TATAPOWER,2026-02-04,validation,fourier,0.06635477663678047,0.2575942092454341,0.6998603750107577,45,18,9,0.009406985050764595,0.01081272611509733
TATAPOWER,2026-02-05,validation,fourier,0.03960955628317509,0.19902149703782024,0.8446332919993438,45,17,8,0.01587805945884794,0.01068038537217452
TATAPOWER,2026-02-09,validation,fourier,0.030609699339583275,0.17495627836571992,0.8984141669934615,46,16,8,0.035876907686408784,0.03239422963947932
TATAPOWER,2026-02-12,validation,fourier,0.05090902038356685,0.22563027364156357,1.0099322909954935,45,17,8,0.03544271014328356,0.023954090293457773
TATAPOWER,2026-02-13,validation,fourier,0.04054917569048131,0.20136825889519258,0.5474414169875672,47,15,7,0.05052866098021391,0.03245368630304882
TATAPOWER,2026-02-17,validation,fourier,0.0472547437271804,0.21738156252815094,1.0511572919931496,47,28,13,0.06344694610982776,0.07435334589644525
TATAPOWER,2026-02-18,validation,fourier,0.0050090519524151455,0.07077465614480331,0.805763417010894,63,9,5,0.014152301933470897,0.01424659466219543
TATAPOWER,2026-02-19,validation,fourier,0.0050090519524151455,0.07077465614480331,0.937740458000917,63,10,5,0.013105873192503262,0.011382996598110184
TATAPOWER,2026-02-20,validation,fourier,0.009086836798695543,0.095324901251958,0.827756541009876,46,14,7,0.00287992506603731,0.003219556707513186
TATAPOWER,2026-02-23,validation,fourier,0.0050090519524151455,0.07077465614480331,0.9910255840077298,63,13,7,0.02105386968678778,0.02343935975793659
TATAPOWER,2026-02-24,validation,fourier,0.0050090519524151455,0.07077465614480331,0.9168619169940939,63,15,8,0.01970588786306127,0.0207409811114903
TATAPOWER,2026-02-25,validation,fourier,0.0050090519524151455,0.07077465614480331,1.3424764580122428,63,15,7,0.021704153317334995,0.01730644200984579
TATAPOWER,2026-02-26,validation,fourier,0.0050090519524151455,0.07077465614480331,1.1143706669972744,63,13,7,0.014348897615568951,0.01554949359953457
TATAPOWER,2026-03-02,validation,fourier,0.026728872650871014,0.16348967138896273,0.6378056249959627,44,14,7,0.009874378250826427,0.01047830126005006
TATAPOWER,2026-03-04,validation,fourier,0.05282723613234813,0.22984176324669137,0.8945587079942925,44,12,6,0.017841842831772026,0.016786858078278614
TATAPOWER,2026-03-05,validation,fourier,0.028819374146425453,0.16976269951442646,0.572732583998004,44,14,7,0.01479363278262056,0.011631603177782602
TATAPOWER,2026-03-09,validation,fourier,0.08390354299739246,0.2896610829873293,0.459535040994524,46,13,7,0.025325666246223004,0.028531685107000115
TATAPOWER,2026-03-11,validation,fourier,0.07187827724707102,0.2681012443967223,0.8283922919945326,45,23,12,0.029838162040128412,0.024475666867285157
TATAPOWER,2026-03-13,validation,fourier,0.09814990839166277,0.31328885775217535,0.7635683749977034,43,28,15,0.02446776424754484,0.019423415964685192
TATAPOWER,2026-03-18,validation,fourier,0.029083762347073876,0.17053962104764359,0.7296275410044473,45,9,4,0.01554336803863577,0.01821070345592628
TATAPOWER,2026-03-19,validation,fourier,0.10866358882007943,0.329641606627682,0.9934156669914955,45,24,13,0.04101824621563859,0.02993133030036526
TATAPOWER,2026-03-20,validation,fourier,0.07399250346836947,0.27201563092655073,0.7229689999949187,50,11,6,0.011066096373903996,0.036739594322607136
TATAPOWER,2026-03-23,validation,fourier,0.19791451046845485,0.4448758371371217,0.6189293750067009,43,14,7,0.021195088989361514,0.020630186050642475
TATAPOWER,2026-03-24,validation,fourier,0.1623793926246491,0.40296326460937987,0.4373595840006601,43,13,7,0.02858963900043284,0.031675116617780136
TATAPOWER,2026-03-25,validation,fourier,0.07978015734157405,0.28245381452827656,0.4346234170079697,44,13,6,0.0335195580291643,0.032919352003135054
TATAPOWER,2026-03-27,validation,fourier,0.10137681914822304,0.3183972662386143,0.715458040998783,45,17,9,0.032331478924922614,0.03318869118536365
TATAPOWER,2026-03-30,validation,fourier,0.10631394903308536,0.32605819884352755,0.6567270420055138,48,15,7,0.032453528789807576,0.03178577955800504
TATAPOWER,2026-04-01,validation,fourier,0.10406682129672573,0.32259389531844174,0.48114624999288935,45,13,7,0.02500303833714237,0.029008655374554528
TATAPOWER,2026-04-06,validation,fourier,0.1120822679206437,0.33478689926674804,0.6697505409974838,46,14,7,0.029845369833755353,0.028720371210167774
TATAPOWER,2026-04-07,validation,fourier,0.10175605487771373,0.31899224893046185,0.7485603330133017,45,13,6,0.029623985673359613,0.027506867219714022
TATAPOWER,2026-04-08,validation,fourier,0.06116846466906466,0.2473225923142984,0.9628104579896899,44,19,9,0.027601674212978416,0.02753853975440106
TATAPOWER,2026-04-09,validation,fourier,0.07534212874560217,0.27448520678827515,0.9204898330062861,50,15,7,0.025592603898907565,0.020416557471574615
TATAPOWER,2026-04-13,test,fourier,0.07961370919911093,0.2821590140312922,0.8220467079954688,48,26,13,0.02517590600735182,0.029062051298821685
TATAPOWER,2026-04-15,test,fourier,0.07883482755007708,0.28077540410455665,0.4447601249994477,44,6,3,0.005475247434729032,0.0031423047212024292
TATAPOWER,2026-04-17,test,fourier,0.07789834413979785,0.27910274835586596,0.8197069590096362,44,26,13,0.028955089108542192,0.03012777997968428
TATAPOWER,2026-04-20,test,fourier,0.07465453113588541,0.2732298137756665,0.5122122909961035,45,10,5,0.01263083086189425,0.01322838131841163
TATAPOWER,2026-04-21,test,fourier,0.06957480255677954,0.26377035951141203,0.5513391669956036,45,11,5,0.012297309220910107,0.009772302919712986
TATAPOWER,2026-04-22,test,fourier,0.0667824836471122,0.2584230710426455,0.48026774999743793,45,11,5,0.012488941120445962,0.013146159167726528
TATAPOWER,2026-04-23,test,fourier,0.058428809054308556,0.24172051848014176,0.5934222079959,44,11,5,0.011908559436745665,0.011589549043766322
TATAPOWER,2026-04-24,test,fourier,0.06201826899548313,0.24903467428348833,0.5761550829920452,43,11,5,0.01178136174946618,0.016015463560616918
TATAPOWER,2026-04-27,test,fourier,0.09354891980319321,0.3058576789998793,0.6481349589885212,44,13,7,0.00959903011177561,0.009350097679418167
TATAPOWER,2026-04-29,test,fourier,0.08853739836572799,0.2975523455893567,0.4766699160099961,44,13,7,0.017327360217199397,0.012462160432623942
TATAPOWER,2026-04-30,test,fourier,0.08173866388757928,0.28589974446924443,0.4896995000017341,44,12,6,0.010010458489478955,0.009700404908992407
TATAPOWER,2026-05-05,test,fourier,0.09585402404152689,0.309603010388347,0.49248887501016725,44,13,6,0.008411152555981,0.005564593466338533
TATAPOWER,2026-05-06,test,fourier,0.09236183064055004,0.303910892599377,0.5466669169982197,44,10,5,0.008339269832502879,0.006374329937365764
TATAPOWER,2026-05-07,test,fourier,0.10419138695159356,0.3227869064128741,0.41505191699252464,44,8,4,0.007634936372437359,0.005409690358555672
TATAPOWER,2026-05-08,test,fourier,0.10727868894098402,0.32753425613358983,0.5458798750041751,44,11,6,0.010858509017374408,0.009177395752660873
TATAPOWER,2026-05-12,test,fourier,0.17015341176515572,0.412496559700994,0.7711430000053952,44,15,8,0.011252647858576286,0.010579065466700226
TATAPOWER,2026-05-13,test,fourier,0.01742795711744217,0.13201498823028457,0.5897593749978114,43,6,3,0.006520546371687061,0.008395354386185912
TATAPOWER,2026-05-14,test,fourier,0.0050090519524151455,0.07077465614480331,0.6524955409986433,63,6,3,0.00861696703191187,0.01134919199476348
TATAPOWER,2026-05-15,test,fourier,0.0050090519524151455,0.07077465614480331,0.6957312080048723,63,8,4,0.013497493894804586,0.014937588857578073
TATAPOWER,2026-05-18,test,fourier,0.0892741931690024,0.29878787319602246,0.8265843340050196,45,15,8,0.04379180564155715,0.0629868370622332
TATAPOWER,2026-05-19,test,fourier,0.08963717838090743,0.2993946866277146,0.9147632080130279,44,14,7,0.05527325445783485,0.03769433331178945
TATAPOWER,2026-05-20,test,fourier,0.014296188945743794,0.11956667155082888,0.9294628339994233,47,9,5,0.0074536039470333,0.013064495334574277
TATAPOWER,2026-05-21,test,fourier,0.0050090519524151455,0.07077465614480331,1.3405500829976518,63,12,6,0.016428576439329285,0.01450731005975477
TATAPOWER,2026-05-22,test,fourier,0.0050090519524151455,0.07077465614480331,0.9983632079965901,63,12,6,0.014149500430268306,0.01672719353536006
TATAPOWER,2026-05-25,test,fourier,0.0050090519524151455,0.07077465614480331,1.5399540409998735,63,11,6,0.016932512025193174,0.017956005602652324
TATAPOWER,2026-05-26,test,fourier,0.0050090519524151455,0.07077465614480331,1.099136582997744,63,15,7,0.009605639300511216,0.008810593979899611
TATAPOWER,2026-05-27,test,fourier,0.0050090519524151455,0.07077465614480331,1.1371216669940623,63,13,6,0.020976749619209062,0.021207258094962197
TATAPOWER,2026-05-29,test,fourier,0.0050090519524151455,0.07077465614480331,1.2297680000046967,63,11,5,0.0143305389154214,0.01077694408075107
TATAPOWER,2026-06-01,test,fourier,0.01316032424119062,0.11471845641042518,0.7795072919980157,47,11,6,0.009918977249829609,0.009965922507452644
TATAPOWER,2026-06-02,test,fourier,0.01079693119389211,0.10390828260486316,0.9235862500063377,43,13,6,0.008579987516252947,0.007622303628306131
TATAPOWER,2026-06-03,test,fourier,0.020768706879906187,0.14411352080879222,0.6355138749931939,45,11,5,0.007198945180824269,0.0041606523391207
TATAPOWER,2026-06-04,test,fourier,0.0203254256167613,0.14256726698917005,0.7961957919906126,52,9,5,0.00815513708785406,0.004738850859529835
TATAPOWER,2026-06-08,test,fourier,0.03402362710508952,0.18445494600332493,0.90309691701259,44,10,5,0.010055009157493728,0.008008959360011685
TATAPOWER,2026-06-09,test,fourier,0.027740408216366284,0.1665545202519772,0.7894715000002179,45,13,7,0.007756925485103863,0.012944191267887387
TATAPOWER,2026-06-10,test,fourier,0.0050090519524151455,0.07077465614480331,0.9094018330069957,63,6,3,0.017792128909518153,0.014690021572914604
TATAPOWER,2026-06-11,test,fourier,0.023847521047907137,0.15442642600250495,0.9128454999881797,45,18,9,0.015070145367164833,0.016570486032503325
TATAPOWER,2026-06-12,test,fourier,0.025477743265780887,0.15961749047576487,0.8367032500100322,47,13,6,0.011238392992554837,0.00869827613845344
TATAPOWER,2026-06-15,test,fourier,0.05020958340772207,0.22407495042445524,0.798684499997762,43,16,8,0.013650845810609007,0.006493965401378737
TATAPOWER,2026-06-16,test,fourier,0.0050090519524151455,0.07077465614480331,0.8524488750117598,63,6,3,0.01920800372971589,0.016877031617728543
TATAPOWER,2026-06-18,test,fourier,0.04524584995754842,0.21271071895310875,0.6095724580081878,45,11,6,0.012205118098550356,0.031418280239254325
TATAPOWER,2026-06-19,test,fourier,0.0050090519524151455,0.07077465614480331,0.7192092500044964,63,7,3,0.013413659690387866,0.012074470217523673
TATAPOWER,2026-06-22,test,fourier,0.05070009180856241,0.22516680885193183,1.3312375000095926,53,21,11,0.05126567149445668,0.042859606595886536
TATAPOWER,2026-06-23,test,fourier,0.039845137548810305,0.19961246842021244,1.111646708988701,55,20,11,0.03099538914091214,0.046921245778391504
TATAPOWER,2026-06-25,test,fourier,0.0050090519524151455,0.07077465614480331,1.1049622499995166,63,13,6,0.01320858991268643,0.010640266511553823
TATAPOWER,2026-06-29,test,fourier,0.007885240933843615,0.08879887912492823,0.7932704999984708,46,14,7,0.012823282292372848,0.011743342970345702
TATAPOWER,2026-07-02,test,fourier,0.015303013880670168,0.1237053510591606,0.7185362500022165,45,10,5,0.011679003085789674,0.011051371257272624
TATAPOWER,2026-07-06,test,fourier,0.02521819678947798,0.15880238282052944,0.6216352079936769,46,13,6,0.013367170164198063,0.012368080786508818
TATAPOWER,2026-07-07,test,fourier,0.02842577431980264,0.1685994493460837,0.7380822920094943,45,11,5,0.011434158314147654,0.009093156473910636
TATAPOWER,2026-07-08,test,fourier,0.0513304784214855,0.2265623058266434,0.7729014159995131,44,13,7,0.02336891177323037,0.01783037094908002
TATAPOWER,2026-07-09,test,fourier,0.03577972820907248,0.18915530182649515,0.8852746249904158,47,12,6,0.022008189597286842,0.02236207947418823
TATAPOWER,2026-07-10,test,fourier,0.024106950219042526,0.15526413049717094,0.9292649590061046,45,14,7,0.022538501966836773,0.0184949272605063
TATAPOWER,2026-07-13,test,fourier,0.043898250166088254,0.20951909260515675,0.49494754199986346,44,9,5,0.017200143261416324,0.01779825482882204
TATAPOWER,2026-07-14,test,fourier,0.05724513525110101,0.23925955623778333,0.497593499996583,44,9,4,0.019975345695322593,0.019636617476794002
TATAPOWER,2026-07-15,test,fourier,0.023158903075686056,0.15218049505664666,0.3922610830049962,46,7,3,0.011643699613068978,0.013008650606021655
TATAPOWER,2026-07-17,test,fourier,0.06668915836514709,0.25824244106100586,0.5436006670061033,45,15,7,0.033106457999024376,0.022072030670220278
TATAPOWER,2026-07-20,test,fourier,0.09027767112934139,0.3004624288148876,0.6946896660083439,45,20,10,0.03721388572711165,0.04322988729962967
TATAPOWER,2026-07-21,test,fourier,0.08579669859167614,0.29291073485223473,0.7885790830041515,45,22,11,0.04291705180414085,0.03443635913476706
TATAPOWER,2026-07-22,test,fourier,0.027702494173126976,0.16644066261922588,0.5194472500006668,48,9,4,0.014970802188704427,0.012064583719664056
TATAPOWER,2026-07-23,test,fourier,0.010882099082370086,0.10431730001476307,0.47980787500273436,46,9,4,0.011763091185576226,0.01075974189430367
TATAPOWER,2026-07-24,test,fourier,0.01452881897158327,0.12053555065449889,0.569609500002116,46,11,6,0.014283517455657464,0.01749928424534882
TATAPOWER,2026-07-27,test,fourier,0.00508223920409762,0.07128982538972599,0.730736124998657,54,11,5,0.024172391466033588,0.022963249482460448
TATAPOWER,2026-07-29,test,fourier,0.0050090519524151455,0.07077465614480331,0.755945958007942,63,11,5,0.023847726718427754,0.017431281245877957
TATAPOWER,2026-07-30,test,fourier,0.0050090519524151455,0.07077465614480331,0.6460191669902997,63,11,5,0.024682314719350406,0.015572467142457302
TATAPOWER,2026-07-31,test,fourier,0.0050090519524151455,0.07077465614480331,0.995563292002771,63,12,6,0.024141550376261894,0.02388142200299988
TATAPOWER,2026-08-03,test,fourier,0.0050090519524151455,0.07077465614480331,0.7817143340071198,63,11,6,0.01795470461614548,0.015961367300954675
TORNTPOWER,2025-12-22,validation,fourier,0.0050090519524151455,0.07077465614480331,0.8902029159944504,63,6,3,0.025316377580736463,0.010314814458422476
TORNTPOWER,2026-01-05,validation,fourier,0.0050090519524151455,0.07077465614480331,0.771864333000849,63,8,4,0.06451785614035235,0.06641978537479683
TORNTPOWER,2026-01-06,validation,fourier,0.0050090519524151455,0.07077465614480331,1.2669068749964936,63,7,3,0.06271564960434411,0.06476422693324561
TORNTPOWER,2026-01-13,validation,fourier,0.0050090519524151455,0.07077465614480331,1.0741758750082226,63,6,3,0.01615038963611877,0.020150263262310317
TORNTPOWER,2026-01-30,validation,fourier,0.02792834573066609,0.1671177600695572,0.8818875830038451,44,8,4,0.009243071507604842,0.03330700524694258
TORNTPOWER,2026-02-05,validation,fourier,0.08114973706656908,0.28486792916467285,1.1888121669908287,44,13,7,0.003722081404346115,0.004359065219609177
TORNTPOWER,2026-02-09,validation,fourier,0.11311775295770385,0.336329827636063,0.7698697079904377,44,9,5,0.02106813245893762,0.018260264056765015
TORNTPOWER,2026-02-10,validation,fourier,0.1446806005583998,0.38036903207069817,0.9247077079926385,48,16,8,0.014936719046909198,0.011850901033165278
TORNTPOWER,2026-02-11,validation,fourier,0.07206025092868568,0.2684404047990646,0.8149448329932056,44,17,8,0.028417664397818034,0.016400823627232178
TORNTPOWER,2026-02-17,test,fourier,0.06176878881878283,0.2485332750735459,0.7247754169948166,45,12,6,0.05619994351852916,0.04999126808754887
TORNTPOWER,2026-02-26,test,fourier,0.0050090519524151455,0.07077465614480331,0.8469257079996169,63,6,3,0.054466031833368095,0.07400145144605991
TORNTPOWER,2026-02-27,test,fourier,0.0050090519524151455,0.07077465614480331,1.163095208001323,63,9,5,0.054485685846987646,0.056470632655727056
TORNTPOWER,2026-03-02,test,fourier,0.0050090519524151455,0.07077465614480331,0.8362550830061082,63,10,5,0.017263559163273205,0.015922066483094327
TORNTPOWER,2026-03-06,test,fourier,0.022927903572912463,0.151419627436183,0.5484114580031019,48,9,5,0.016267236480413373,0.01600715362002646
TORNTPOWER,2026-03-09,test,fourier,0.09846212635061598,0.3137867529877831,0.8942165420012316,44,9,4,0.01729218736139012,0.0165242518886055
TORNTPOWER,2026-04-06,test,fourier,0.10629995763286729,0.32603674276508665,0.5395679590001237,44,6,3,0.013500195255879154,0.027216125929331984
TORNTPOWER,2026-04-08,test,fourier,0.04355002128018629,0.2086864185331338,0.575265749997925,46,11,5,0.022130242816693,0.02364128028789883
TORNTPOWER,2026-04-10,test,fourier,0.025847178656338735,0.16077057770729922,0.5039245410007425,47,6,3,0.020730546119104815,0.011259150443361733
TORNTPOWER,2026-04-13,test,fourier,0.08541988482264032,0.292266804174953,0.48361166699032765,44,10,5,0.06443888341959919,0.024381545615655004
TORNTPOWER,2026-04-16,test,fourier,0.05397633674724611,0.2323280799801137,0.40166608299477957,44,13,6,0.03620603544029684,0.027718864666145794
