truth_id,representation,noise_level,near_equivalent_count,cluster_count,median_pairwise_distance,maximum_pairwise_distance,maximum_distance_from_best,materially_displaced_count,boundary_hit_rate,optimizer_success_rate,best_parameter_rmse_scaled,best_repricing_rmse,best_repricing_rmse_relative,pca1_fraction,basin_classification
case_1,R2,0.0,6,6,0.5348786792621892,0.95883673965393,0.6962910844837357,5,0.0,0.3333333333333333,0.14105126009877636,2.8651528833615547e-09,1.215445003610775e-07,0.5767127400181512,multiple_basin
case_1,R2,0.005,9,3,0.0486023010543702,1.4825284371550738,1.4825284371550738,2,1.0,0.25,0.46735724136068024,0.0003099408309492954,0.008715063909572971,0.9822651709115019,multiple_basin
case_1,R2,0.01,12,4,1.7293706221390197,1.8109284836073851,1.8101716741052183,8,1.0,0.16666666666666666,0.4509878438110099,0.0004683239836890867,0.011370373260375691,0.8167008476474246,multiple_basin
case_1,R2,0.02,12,10,1.2329446082536517,1.8895100376278797,1.8891549397519847,9,1.0,0.25,0.45319210526721015,0.0008242681270091147,0.016164632699918118,0.5770428080050435,multiple_basin
case_1,R3,0.0,6,6,0.40461465201312585,0.732629135098379,0.5527789585368014,5,0.0,0.25,0.05428177933932206,2.4240360052442724e-08,1.2973590774896068e-06,0.7238140821465493,multiple_basin
case_1,R3,0.005,9,3,0.00013821464768134427,1.1634170570195652,1.163367416807058,2,1.0,0.6666666666666666,0.3840863710474976,0.00029222376949574955,0.006071912198814838,0.7348300545093256,multiple_basin
case_1,R3,0.01,12,6,1.284226377417295,1.5096364486127851,1.5063933961391396,7,1.0,0.08333333333333333,0.3329862378030705,0.0005571350287551011,0.00814640744990022,0.5937522060509204,multiple_basin
case_1,R3,0.02,7,5,1.2233770714302752,1.6883609484608106,1.5047045132104038,5,1.0,0.16666666666666666,0.40432045643624465,0.0010127229083360888,0.020599376178201838,0.47117574204118284,multiple_basin
case_2,R2,0.0,5,5,0.5391563270598424,0.8191225600451104,0.5831191756942964,4,0.2,0.4166666666666667,0.026156239212887376,6.2374757746876605e-09,2.804697596038519e-07,0.6920816432128459,multiple_basin
case_2,R2,0.005,11,8,1.6572128864228612,2.004498802537008,1.9100232909011043,8,1.0,0.6666666666666666,0.38421278545515486,0.0003738172474470469,0.010490212220286576,0.5911960215918698,multiple_basin
case_2,R2,0.01,11,3,0.2841087623882973,0.3456722686745986,0.3456722686745986,7,1.0,0.8333333333333334,0.3705284734927194,0.0006457237037243914,0.013991473912621552,0.9465598745061486,multiple_basin
case_2,R2,0.02,12,5,1.9066221032607218,2.098629672099953,2.098629672099953,7,1.0,0.5,0.45902901338329993,0.001051532897894692,0.02877327290188411,0.8098054351616731,multiple_basin
case_2,R3,0.0,2,2,0.15545194032785306,0.15545194032785306,0.15545194032785306,1,0.0,0.16666666666666666,0.016566416644572514,1.2565358072800474e-08,3.9048717004839883e-07,1.0,multiple_basin
case_2,R3,0.005,12,5,1.4057626577841071,1.5975711366903798,1.4218174462537316,11,1.0,0.5833333333333334,0.34497333514129214,0.0003687446933074078,0.007772137342729161,0.9722852566193325,multiple_basin
case_2,R3,0.01,12,8,1.1438221076219943,2.2431993973206517,1.5379058016167262,10,0.9166666666666666,0.5833333333333334,0.35932496135045866,0.0006188432363491474,0.011505860518623009,0.7498655723127359,multiple_basin
case_2,R3,0.02,12,6,1.7880613638927123,2.2114462074429344,2.2107083566468035,9,1.0,0.5,0.3748786739515346,0.001265474361350339,0.023226957462453724,0.8880920060241159,multiple_basin
case_3,R2,0.0,6,6,0.6756827163522532,1.1368809870364511,0.851788699103555,5,0.16666666666666666,0.9166666666666666,0.09446529279684286,7.460186866006606e-09,4.0156329380567327e-07,0.7157637679115321,multiple_basin
case_3,R2,0.005,9,5,0.480629034200734,0.9440347833585863,0.9440347833585863,8,1.0,0.5833333333333334,0.3065045135130771,0.00019232706952463188,0.00477356651197865,0.9623733719225283,multiple_basin
case_3,R2,0.01,12,6,0.2847077171478688,1.8024894702395702,1.5312186820761982,11,1.0,0.75,0.35768976920506157,0.000591148030780882,0.008008687080640554,0.6469627679404635,multiple_basin
case_3,R2,0.02,12,5,1.3538460240814123,1.890080216816833,1.890080216816833,7,1.0,0.8333333333333334,0.5132873140288114,0.0013607922230169716,0.021429093328957184,0.6288142380982779,multiple_basin
case_3,R3,0.0,6,6,0.46309827760036926,0.9893192110282487,0.5432471671883967,5,0.0,0.5833333333333334,0.0264785766138284,6.760836056693776e-10,2.2164209113083285e-08,0.7765665133281101,multiple_basin
case_3,R3,0.005,11,6,1.2153226825579293,1.9135513534755586,1.9135513534755586,9,1.0,0.4166666666666667,0.37715434788139635,0.00027394180485081256,0.0035853967190633,0.5246947018004491,multiple_basin
case_3,R3,0.01,12,8,1.43511271624475,1.912982340946028,1.912982340946028,11,1.0,0.16666666666666666,0.40180961737529663,0.000623038255979922,0.008079647557322166,0.514326107066299,multiple_basin
case_3,R3,0.02,12,6,1.4655371489135338,1.9693428204639083,1.9582306510062957,9,1.0,0.5,0.41617009844891956,0.001631446716867756,0.017865419237419678,0.7644709206337065,multiple_basin
case_4,R2,0.0,4,4,0.5738656908155491,0.8266172524936146,0.7167191322766167,3,0.0,0.5833333333333334,0.07187873126570535,1.256839241410952e-08,4.776954813945503e-06,0.7906138119084125,multiple_basin
case_4,R2,0.005,10,4,0.7105641985376556,1.4812125103064318,1.2239496560799894,3,1.0,0.9166666666666666,0.3115163161278069,0.00034862362513569175,0.019458699042715296,0.829216130280269,multiple_basin
case_4,R2,0.01,7,7,1.7724039381776153,2.1038316514701365,2.1038316514701365,6,1.0,0.4166666666666667,0.4241763598500903,0.0004645716517453075,0.02670765387962802,0.9337988000175838,multiple_basin
case_4,R2,0.02,10,2,0.005619448431291645,0.6269910414997533,0.6269910414997533,9,1.0,0.25,0.2641369104570872,0.0009404290484157459,0.025087651319210542,0.9998340335794367,multiple_basin
case_4,R3,0.0,3,2,0.08575856531256068,0.17060369242800363,0.17060369242800363,2,0.0,0.25,0.02177922263633238,3.1065990325792944e-08,5.980340137483276e-06,0.9986536598241014,multiple_basin
case_4,R3,0.005,11,6,1.0422673996097074,2.0459779763138077,1.6378564552837678,10,1.0,0.5833333333333334,0.21918978299666486,0.0003806963511081111,0.00682676535942234,0.8503392750099753,multiple_basin
case_4,R3,0.01,8,6,1.7455528248394403,1.9861934885496062,1.8041659883806171,7,1.0,0.3333333333333333,0.4075986487241815,0.0006200784932215006,0.017049473844083684,0.9304609317288347,multiple_basin
case_4,R3,0.02,10,2,3.1529156933293793e-06,1.688028829721601,1.688028829721601,1,1.0,0.9166666666666666,0.22836505623571615,0.0010591056861171432,0.032093263158651915,0.9999999999857394,multiple_basin
interior_seed20260822_0000,R2,0.0,4,4,0.7621570009337555,1.2450007977289044,1.2450007977289044,3,0.25,0.16666666666666666,0.2526782860337608,3.482482871938494e-08,2.782347689495192e-06,0.8194647582056156,multiple_basin
interior_seed20260822_0000,R2,0.005,11,6,0.9627333711841066,1.5507479319789932,1.5039698891342146,9,1.0,0.08333333333333333,0.335804210161506,0.00017450269501170389,0.011713601590695906,0.8062010526925839,multiple_basin
interior_seed20260822_0000,R2,0.01,4,1,0.051940333891071576,0.051983131812243406,0.051982906246996426,2,1.0,0.3333333333333333,0.3911120070201639,0.00047730766027747793,0.02185254954654817,0.9999999762131531,single_or_unresolved
interior_seed20260822_0000,R2,0.02,12,5,0.8075026670415159,1.7465216096508558,1.7465202366045958,4,1.0,0.5833333333333334,0.3980165487923334,0.0007144020158599813,0.02333015550413475,0.9360696154197486,multiple_basin
interior_seed20260822_0000,R3,0.0,1,1,0.0,0.0,0.0,0,0.0,0.0,0.066581295116156,2.809304382888653e-07,2.4254491924855195e-05,,single_or_unresolved
interior_seed20260822_0000,R3,0.005,11,3,1.1628824233721644,1.1738275065112318,1.1661505892809896,7,1.0,0.0,0.40467775241139764,0.00023145337915990801,0.007969800623456178,0.9983527624524168,multiple_basin
interior_seed20260822_0000,R3,0.01,11,3,1.684036880774593,1.69891606665538,1.6936154367773493,5,1.0,0.8333333333333334,0.3431226301406459,0.0005746209195275442,0.01666814840386355,0.9708360020039735,multiple_basin
interior_seed20260822_0000,R3,0.02,9,2,0.06739161995282597,0.456635383879568,0.456635383879568,5,1.0,0.25,0.3768165024371054,0.0009592195153390929,0.028716187133969548,0.9964280801398504,multiple_basin
interior_seed20260822_0001,R2,0.0,9,9,0.7380409433125608,1.258358959841563,1.258358959841563,8,0.4444444444444444,0.6666666666666666,0.15988702525253984,5.722617968343918e-09,3.785615138516225e-07,0.580578122757422,multiple_basin
interior_seed20260822_0001,R2,0.005,12,8,1.4558457782262817,1.912584787874071,1.9110453646255958,10,1.0,0.25,0.38026737060226734,0.00028332396061054384,0.008099489413302657,0.6817636677634258,multiple_basin
interior_seed20260822_0001,R2,0.01,12,5,1.3787868004780672,1.947873058840306,1.947873058840306,5,1.0,0.08333333333333333,0.383787244295718,0.00039833622135303107,0.019326859975973852,0.7638838585964692,multiple_basin
interior_seed20260822_0001,R2,0.02,12,10,1.2842692972131198,1.9980825535684859,1.5806504407557456,9,1.0,0.25,0.32732186050611145,0.0006198216610242224,0.017455318591850493,0.4475554945752977,multiple_basin
interior_seed20260822_0001,R3,0.0,7,7,0.5096724643867596,0.9539782073649405,0.941549365733658,6,0.42857142857142855,0.3333333333333333,0.22950033909948211,2.3722455418951573e-08,1.7854011947445483e-06,0.7328306075469783,multiple_basin
interior_seed20260822_0001,R3,0.005,9,5,1.2090843678001706,1.8000754546084874,1.8000754546084874,7,1.0,0.08333333333333333,0.3324370503574928,0.00029292802973884477,0.0064142865263400696,0.8663733036607938,multiple_basin
interior_seed20260822_0001,R3,0.01,10,3,0.06225795043223721,0.23318968146575145,0.23318968146575145,3,1.0,0.16666666666666666,0.32805278323009285,0.0004036764426675193,0.010981561171960169,0.9968047873974614,multiple_basin
interior_seed20260822_0001,R3,0.02,9,1,9.925609543606534e-05,0.00692757773136631,0.00692757773136631,0,1.0,0.75,0.3857082692063405,0.0006810888506532568,0.022983854784317283,0.999951164450754,ridge_like
interior_seed20260822_0002,R2,0.0,5,4,0.6555195339992492,0.7569383614706818,0.7569383614706818,4,0.0,0.16666666666666666,0.15452815102828593,2.117171276656193e-08,7.830271362391208e-07,0.8329545258008343,multiple_basin
interior_seed20260822_0002,R2,0.005,9,6,0.499351369627391,0.8830815281851421,0.6494416714512928,8,0.8888888888888888,0.16666666666666666,0.35844653940963384,0.00016093753258598082,0.007080244810547226,0.6209178780670145,multiple_basin
interior_seed20260822_0002,R2,0.01,12,8,1.0619591854011392,1.6855481269080872,1.33052398038134,11,1.0,0.0,0.24905060103851445,0.0004525986020982514,0.01673452226630447,0.7971535753569042,multiple_basin
interior_seed20260822_0002,R2,0.02,12,8,1.1012363779384473,1.9587233322937052,1.619443399438278,10,0.8333333333333334,0.6666666666666666,0.42634547388028293,0.000758538607828461,0.023728050147223925,0.5053822726552468,multiple_basin
interior_seed20260822_0002,R3,0.0,6,5,0.4624383830872389,0.7211222624995864,0.634570764523414,4,0.0,0.25,0.016073836052647745,2.3301962898702814e-08,1.3177152060953852e-06,0.9348944479655015,multiple_basin
interior_seed20260822_0002,R3,0.005,12,5,1.2417660841283096,1.6781847259748184,1.6781847259748184,6,1.0,0.75,0.35348981002743596,0.00021868051536124873,0.006042141448531767,0.8462187950068263,multiple_basin
interior_seed20260822_0002,R3,0.01,12,2,0.27086482828574604,0.3233325790659681,0.32000383056989873,6,1.0,0.3333333333333333,0.26094048171807965,0.0005070189686133668,0.015847063238163834,0.9837669914567744,multiple_basin
interior_seed20260822_0002,R3,0.02,11,6,1.048350651290081,1.5998951763773548,1.2844920870141332,8,1.0,0.4166666666666667,0.35837040435832623,0.0012081778409913566,0.023270661222747645,0.47032923058387915,multiple_basin
interior_seed20260822_0003,R2,0.0,6,5,0.8082898454997939,0.9901416176246572,0.9901416176246572,5,0.0,0.4166666666666667,0.27981548669094064,1.2672497998128142e-08,4.7539067546142734e-06,0.6560328037234088,multiple_basin
interior_seed20260822_0003,R2,0.005,10,5,0.2995297597961527,1.4670260018902475,1.4520912166728897,6,1.0,0.75,0.45314516135623284,0.00014985991358238028,0.008963586943188497,0.9740372627092712,multiple_basin
interior_seed20260822_0003,R2,0.01,12,9,1.2691456816494189,1.853890498849865,1.853890498849865,10,1.0,0.25,0.3630687698268502,0.0005068805546375692,0.025199207789206757,0.4761196460363954,multiple_basin
interior_seed20260822_0003,R2,0.02,12,4,1.658736618477667,1.7530585768004816,1.7530585768004816,6,1.0,0.08333333333333333,0.48166247499860165,0.0008523441041172503,0.04774533773633001,0.854488440587678,multiple_basin
interior_seed20260822_0003,R3,0.0,6,4,0.7884359131565787,1.020123648436441,0.9245612917899011,5,0.0,0.08333333333333333,0.035435006055193806,3.8288809794876836e-08,9.929227147735176e-06,0.969298214529414,multiple_basin
interior_seed20260822_0003,R3,0.005,9,6,0.5908701703733945,1.557112854709578,1.557112854709578,7,1.0,0.16666666666666666,0.38831099700983646,0.00023435249216792247,0.008317917204113609,0.7207072372442691,multiple_basin
interior_seed20260822_0003,R3,0.01,11,7,1.253733723946943,1.5458418476096671,1.4242327771744954,10,0.8181818181818182,0.0,0.33597504244128273,0.0005561849274222777,0.018744592046189116,0.5250377502772046,multiple_basin
interior_seed20260822_0003,R3,0.02,12,5,0.7919061169662651,1.7319602427063923,1.7319602427063923,10,1.0,0.6666666666666666,0.367918243946347,0.0009119715164620012,0.0349735215042276,0.9022028756751664,multiple_basin
interior_seed20260822_0005,R2,0.0,5,5,0.8461824407776146,0.9874943201900689,0.9874943201900689,4,0.2,0.25,0.0377897144769905,2.5299752006655633e-09,1.2770184336380412e-05,0.44469274286622584,multiple_basin
interior_seed20260822_0005,R2,0.005,12,8,1.5515125239424528,2.0424358305126127,1.8947071416003969,11,1.0,0.0,0.4262739166680492,0.00027041719510603035,0.07392595019603287,0.7679546930391685,multiple_basin
interior_seed20260822_0005,R2,0.01,12,4,0.3868341270853302,0.47894918118607466,0.4455710763902278,9,1.0,0.3333333333333333,0.45413036242569327,0.0003769514169031423,0.10103433119199333,0.922813525567084,multiple_basin
interior_seed20260822_0005,R2,0.02,12,9,1.3336797349290817,1.9387115212436727,1.6892429938844205,10,1.0,0.16666666666666666,0.38140324941156134,0.0009212180265122799,0.15810881787449985,0.5394321150704297,multiple_basin
interior_seed20260822_0005,R3,0.0,6,6,0.30904354478143664,0.774279398824679,0.6910718485345319,5,0.0,0.4166666666666667,0.018908953904696008,1.0968789602098309e-08,2.3807855686867948e-05,0.748894082957987,multiple_basin
interior_seed20260822_0005,R3,0.005,12,7,1.3273031464624356,1.7428091109718784,1.7411007179584386,6,1.0,0.08333333333333333,0.3232719724399601,0.00033868774123977107,0.032929519025468486,0.6835545966016778,multiple_basin
interior_seed20260822_0005,R3,0.01,9,3,0.674954231031841,1.638310699236269,1.335865837743897,3,1.0,0.16666666666666666,0.3338935303446951,0.0005702616309861307,0.09417251505332669,0.8943274857882346,multiple_basin
interior_seed20260822_0005,R3,0.02,12,6,0.8818354572858931,1.3513376926805487,1.3513376926805487,9,1.0,0.08333333333333333,0.3651390294583701,0.0011384934689216961,0.09153081424398929,0.5492000580425996,multiple_basin
interior_seed20260822_0006,R2,0.0,8,7,0.6325746735372377,1.0163834750927503,1.0068043038182592,7,0.0,0.5,0.18628206036803682,5.083555850736406e-09,1.454779336987263e-07,0.7146019074483042,multiple_basin
interior_seed20260822_0006,R2,0.005,12,11,0.8092756820081476,1.5249642188967734,1.313249598553648,11,1.0,0.08333333333333333,0.24276186328720592,0.00021173000517221534,0.005407865846998783,0.5775887185932379,multiple_basin
interior_seed20260822_0006,R2,0.01,12,8,1.1573874685420862,1.8078256251951998,1.8074079958393474,7,1.0,0.16666666666666666,0.4858651860697266,0.000616909174138695,0.016086244705840226,0.7162253355691565,multiple_basin
interior_seed20260822_0006,R2,0.02,12,6,1.3669835483243764,2.0353377625004336,2.0353377625004336,6,1.0,0.16666666666666666,0.47974610080154584,0.0006759480866418147,0.02004088904836825,0.6688036974929022,multiple_basin
interior_seed20260822_0006,R3,0.0,3,3,0.24444333183671602,0.4608800948399396,0.4608800948399396,2,0.0,0.0,0.052559055154414135,6.65922301131442e-08,3.026211926650842e-06,0.9637877590366738,multiple_basin
interior_seed20260822_0006,R3,0.005,12,7,0.8542055573355821,1.1214766668488647,1.0914540374559312,8,1.0,0.3333333333333333,0.3572953361051205,0.0002759447020547142,0.0055934582491945035,0.8523719025103907,multiple_basin
interior_seed20260822_0006,R3,0.01,12,5,0.47600464175739454,0.904977975369266,0.8773040838155014,5,1.0,0.5833333333333334,0.38412437473615935,0.0005937954727786095,0.01146630858511548,0.7068479445881926,multiple_basin
interior_seed20260822_0006,R3,0.02,12,4,1.3654296986440784,1.5505215801227978,1.5503072496763841,7,1.0,0.0,0.3916944350473599,0.0010429666265311906,0.02188698536854186,0.9846380225787617,multiple_basin
interior_seed20260822_0008,R2,0.0,9,9,0.9405929788422148,1.5159592017403591,1.0527040342237801,8,0.1111111111111111,0.6666666666666666,0.05874132256256365,1.667401925552044e-10,3.2559766539517254e-09,0.4539832788300305,multiple_basin
interior_seed20260822_0008,R2,0.005,12,6,0.5230853397146125,1.8185768210952302,1.7369412111997073,6,0.9166666666666666,0.5,0.5177867510743587,0.0003498727265194765,0.0046296246949244745,0.6227227436966476,multiple_basin
interior_seed20260822_0008,R2,0.01,12,4,1.5562579520514723,2.060663154345479,2.0601755910714563,5,1.0,0.3333333333333333,0.5463175945647945,0.0005427528460467494,0.011389179298820386,0.8446948060874121,multiple_basin
interior_seed20260822_0008,R2,0.02,12,6,1.7276562013353005,2.179411316718404,1.9837809083084155,11,1.0,0.4166666666666667,0.5215225830008274,0.0013047085348206514,0.020994218289140675,0.6457118940252069,multiple_basin
interior_seed20260822_0008,R3,0.0,8,7,0.447040351466093,0.8289947023595625,0.7412830779300958,7,0.25,0.25,0.053867047014302546,1.0957545744449894e-08,3.1557068155138784e-07,0.7279238208863259,multiple_basin
interior_seed20260822_0008,R3,0.005,9,5,1.504728713315282,2.0444899925793925,2.0444898487872973,5,1.0,0.5833333333333334,0.5141641611843892,0.0004206725369118591,0.005921899630573606,0.5977088422478607,multiple_basin
interior_seed20260822_0008,R3,0.01,10,2,0.003750063476354992,1.3833997695745577,1.3832161747818998,2,1.0,0.08333333333333333,0.39557739589025614,0.0007186607921955159,0.01009496520458604,0.9999763722084426,multiple_basin
interior_seed20260822_0008,R3,0.02,12,4,1.3566397512195763,1.9204073565617756,1.918485011398291,7,1.0,0.0,0.385747354701454,0.0014972274376055803,0.020514366267571173,0.5955131564486679,multiple_basin
interior_seed20260822_0009,R2,0.0,3,3,0.4080043543979608,0.4293733564902118,0.4293733564902118,2,0.0,0.08333333333333333,0.08678021150344448,3.1256889364123285e-08,1.4619412609134146e-06,0.6223186281423787,multiple_basin
interior_seed20260822_0009,R2,0.005,12,9,1.2806260219038472,2.0533204307945114,1.465598430860486,9,1.0,0.25,0.33824572575024536,0.0003183764751620435,0.01702861973882802,0.49089044317545344,multiple_basin
interior_seed20260822_0009,R2,0.01,12,5,1.4734348518525269,2.110053509616316,2.108991154688584,5,1.0,0.16666666666666666,0.49775851510885005,0.0009041243978558657,0.014492036552605054,0.754541106594122,multiple_basin
interior_seed20260822_0009,R2,0.02,12,4,0.9510136308460815,2.155115795394856,2.152069055300073,10,1.0,0.08333333333333333,0.5288897408058548,0.001539323653421416,0.026750882129177433,0.8641083890600197,multiple_basin
interior_seed20260822_0009,R3,0.0,3,2,0.26715735537658175,0.34331510685439326,0.26715735537658175,2,0.0,0.08333333333333333,0.06087254293326542,7.767467179082573e-08,2.679424335648624e-06,0.9967340627504723,multiple_basin
interior_seed20260822_0009,R3,0.005,12,4,0.6870916220269154,1.5065747628283113,1.5065747628283113,11,1.0,0.5833333333333334,0.46389166784325403,0.0004940791704206707,0.010907272492470319,0.8481292700677833,multiple_basin
interior_seed20260822_0009,R3,0.01,12,5,0.45510848796279235,1.7798713053396555,1.7794973831795504,10,1.0,0.6666666666666666,0.4051818186465349,0.0008499938334575148,0.012082848413590525,0.7100167804309336,multiple_basin
interior_seed20260822_0009,R3,0.02,12,6,1.271331402786461,2.1091658010156418,2.1091658010156418,11,1.0,0.5,0.4086975193878623,0.0014156264902912847,0.01776266188283076,0.6717371557328768,multiple_basin
interior_seed20260822_0010,R2,0.0,4,4,0.6551227303818656,1.1213484805117937,1.1213484805117937,3,0.5,0.4166666666666667,0.2772599781804333,3.118934781858881e-08,1.5246779145058826e-05,0.8840392796634651,multiple_basin
interior_seed20260822_0010,R2,0.005,10,1,0.0022986203641899463,0.07285452291115957,0.07183312468073476,1,1.0,0.5833333333333334,0.45082790576618365,0.00025376364124405504,0.031179073258760105,0.9927376825126271,ridge_like
interior_seed20260822_0010,R2,0.01,11,3,0.010719244516386532,1.77715362224275,1.77715362224275,3,1.0,0.16666666666666666,0.45212667801747414,0.00048458683008995013,0.06860141964784867,0.9843224556554782,multiple_basin
interior_seed20260822_0010,R2,0.02,12,6,0.7918530324680144,1.9064661178849809,1.9064661178849809,11,1.0,0.8333333333333334,0.5525964147530521,0.001994577746047559,0.11686291304570667,0.7971984851963931,multiple_basin
interior_seed20260822_0010,R3,0.0,2,2,0.554108879829677,0.554108879829677,0.554108879829677,1,0.0,0.16666666666666666,0.03722184300287621,1.3072488259036517e-08,1.5942891000697714e-06,1.0,multiple_basin
interior_seed20260822_0010,R3,0.005,11,2,1.525518397037003,1.5302414966816953,1.5302414966816953,6,1.0,0.5833333333333334,0.24954687650103502,0.0003010882441415127,0.021477198080513134,0.9999971119369947,multiple_basin
interior_seed20260822_0010,R3,0.01,11,5,0.8681880915706647,1.4664798847269531,1.4664798847269531,4,1.0,0.4166666666666667,0.39529541723636896,0.0006785950061822526,0.03940670256363711,0.6105820620095261,multiple_basin
interior_seed20260822_0010,R3,0.02,11,4,0.9067779774345447,1.56520082306111,1.5615537050943191,4,1.0,0.3333333333333333,0.43653262147475747,0.0017799540573616138,0.04235801430637347,0.6301077592755336,multiple_basin
interior_seed20260822_0013,R2,0.0,11,11,0.9480964369492725,1.3647105222989744,1.3647105222989744,10,0.36363636363636365,0.8333333333333334,0.20766885819639075,8.349167875642724e-09,5.188452446657544e-06,0.41990833972711483,multiple_basin
interior_seed20260822_0013,R2,0.005,11,10,1.2776986521642826,1.8360580023332032,1.7849439026076137,10,1.0,0.5,0.381935133276214,0.00022223454759037626,0.007876871393662619,0.48600011685906386,multiple_basin
interior_seed20260822_0013,R2,0.01,9,9,0.8765607074343248,1.4309437359714914,1.4309437359714914,8,0.3333333333333333,0.5833333333333334,0.47237713687242394,0.0004765917357472961,0.07816616219678776,0.5707841037955154,multiple_basin
interior_seed20260822_0013,R2,0.02,12,5,0.585246138069734,1.7060815147724666,1.7060815147724666,10,1.0,0.6666666666666666,0.503564569212401,0.0011259685237384807,0.05123142590078229,0.9165430438421437,multiple_basin
interior_seed20260822_0013,R3,0.0,6,6,0.4484868175435834,0.7068842686447064,0.7068842686447064,5,0.5,0.16666666666666666,0.18545637379537327,1.8106712833875414e-08,8.55355131668798e-06,0.49274903212359983,multiple_basin
interior_seed20260822_0013,R3,0.005,12,5,1.2313395084214922,1.7504888427250347,1.5228498758528417,5,1.0,0.6666666666666666,0.3855169968544801,0.0002760120425675584,0.011415307149497856,0.6639518851983941,multiple_basin
interior_seed20260822_0013,R3,0.01,12,10,0.8818944264510167,1.8423230748880424,1.3671448034587241,11,0.8333333333333334,0.6666666666666666,0.48055110213407154,0.000517492871600739,0.06498633261975842,0.8976571856331031,multiple_basin
interior_seed20260822_0013,R3,0.02,12,7,1.0603025234680628,1.6870661419218231,1.475797462695422,8,1.0,0.3333333333333333,0.4523616402290996,0.001338558898261234,0.03972038097238951,0.5025269152956834,multiple_basin
interior_seed20260822_0014,R2,0.0,9,9,0.8053531251742476,1.2726553992111194,1.0837609279506306,8,0.1111111111111111,0.6666666666666666,0.061859170248753995,1.3378463946957481e-09,2.434984461441787e-08,0.483445365535935,multiple_basin
interior_seed20260822_0014,R2,0.005,7,4,0.9169689843347298,2.081374329018355,2.081374329018355,6,1.0,0.4166666666666667,0.5721711616982889,0.0004423947327105236,0.009210505732829635,0.8243817149052806,multiple_basin
interior_seed20260822_0014,R2,0.01,10,4,0.9265288360835147,2.0530200079718566,2.052845455198839,6,1.0,0.08333333333333333,0.5466694841829512,0.0003768158733696992,0.01491000386043849,0.8799783319772574,multiple_basin
interior_seed20260822_0014,R2,0.02,12,3,0.07413287880353481,2.0872257452184777,2.0872257452184777,4,1.0,0.3333333333333333,0.5672209083394277,0.0013327625530075659,0.018855648854941023,0.8857503724321113,multiple_basin
interior_seed20260822_0014,R3,0.0,3,3,0.6074482734819702,0.6933959722701294,0.6933959722701294,2,0.0,0.08333333333333333,0.028518169423723393,1.9772939397771064e-08,5.575811411569308e-07,0.99018257215536,multiple_basin
interior_seed20260822_0014,R3,0.005,12,5,0.9110567058125548,1.8490462046616043,1.8490462046616043,6,0.8333333333333334,0.5,0.43493126317913333,0.00047185864774291467,0.007616313587731368,0.9167701823939023,multiple_basin
interior_seed20260822_0014,R3,0.01,12,8,1.1323215895878136,1.8773141141031309,1.2324663464202796,8,1.0,0.08333333333333333,0.331578834027097,0.000598550340098853,0.011217221439178197,0.7808165526613734,multiple_basin
interior_seed20260822_0014,R3,0.02,12,4,0.005639448856490099,0.6918728302464414,0.6678704892746679,3,1.0,0.3333333333333333,0.4631504560699694,0.0013969183842385353,0.019508336499717643,0.815189995217381,multiple_basin
interior_seed20260822_0015,R2,0.0,8,8,0.607270347767594,1.1104393501777285,0.9329489703933267,7,0.375,0.5,0.20963552045390504,2.4487975653733313e-09,1.1705780636399103e-07,0.5105365217167659,multiple_basin
interior_seed20260822_0015,R2,0.005,11,9,1.1462866513945043,1.7630303488731567,1.452834275754844,9,0.9090909090909091,0.08333333333333333,0.3514545298186264,0.00026440272842877114,0.005733005004180576,0.4729621455435429,multiple_basin
interior_seed20260822_0015,R2,0.01,12,12,1.0545655757791021,1.759630802887731,1.759630802887731,11,1.0,0.5833333333333334,0.4538302914520603,0.00043958770500700424,0.008504442888920568,0.6576407118411932,multiple_basin
interior_seed20260822_0015,R2,0.02,9,3,0.014287029319063255,1.5534630327234737,1.5534630327234737,2,1.0,0.25,0.5263687766367414,0.0012883145182169592,0.07081884805872461,0.8486851939786835,multiple_basin
interior_seed20260822_0015,R3,0.0,10,10,0.48339102888415025,1.0495300735797393,0.767839460195202,9,0.2,0.4166666666666667,0.12167734296151654,1.5680819818647247e-08,8.351000694233987e-07,0.5470993485444463,multiple_basin
interior_seed20260822_0015,R3,0.005,12,6,0.23081715938398983,1.5847510756208456,1.4882044882770902,10,0.9166666666666666,0.3333333333333333,0.31213479424612317,0.0003462869952677672,0.007228030455000484,0.6595828462926534,multiple_basin
interior_seed20260822_0015,R3,0.01,8,3,1.7314590790958322,1.7993034965118087,1.732171796096069,6,1.0,0.16666666666666666,0.3246757364996706,0.0006734455501305563,0.012720699980891611,0.8097966981559329,multiple_basin
interior_seed20260822_0015,R3,0.02,12,4,0.9905349609332303,1.5927502211165017,1.5927502211165017,4,1.0,0.75,0.47975977858872143,0.001616787284342866,0.044125984047896014,0.7074130080570443,multiple_basin
interior_seed20260822_0016,R2,0.0,6,6,0.8710928845898882,1.2255795744306948,1.020772422233411,5,0.16666666666666666,0.3333333333333333,0.1775811638828188,7.867655121323337e-09,8.513694388005338e-07,0.4873564175197012,multiple_basin
interior_seed20260822_0016,R2,0.005,12,11,0.944393091683075,2.0001645841686315,2.0001645841686315,11,1.0,0.3333333333333333,0.38029483210578435,0.00033841226645350077,0.007598770337432171,0.5592847319052994,multiple_basin
interior_seed20260822_0016,R2,0.01,11,4,1.2524503342979048,1.5844441224198957,1.5844441224198957,8,1.0,0.4166666666666667,0.31497072357740924,0.0007892946037456929,0.04837642216198729,0.7736547813019686,multiple_basin
interior_seed20260822_0016,R2,0.02,6,5,1.195895800625919,1.4995298421079075,1.4865106787821394,4,0.16666666666666666,0.75,0.42439767117396293,0.0012196446146405153,0.07357285779503007,0.8664437055759014,multiple_basin
interior_seed20260822_0016,R3,0.0,6,4,0.30918335221677273,0.42190268496221833,0.3230533896254862,4,0.0,0.25,0.03946352118651394,1.3664264902533336e-08,5.22504049269403e-07,0.8089928388311398,multiple_basin
interior_seed20260822_0016,R3,0.005,12,6,1.150953633818204,1.8737297488077096,1.8737297488077096,5,1.0,0.4166666666666667,0.3416969606363971,0.00036603952954254303,0.007027205570309977,0.8327037385286055,multiple_basin
interior_seed20260822_0016,R3,0.01,10,2,0.0804555402250897,1.6587760054326974,1.658547242159083,4,1.0,0.08333333333333333,0.3307637882837493,0.0008498608681501679,0.0234744852593998,0.9990987799647588,multiple_basin
interior_seed20260822_0016,R3,0.02,10,3,1.1302875876141656,1.272269986535458,1.2714662259039098,6,1.0,0.16666666666666666,0.38275687610444,0.0013428369814080555,0.030193636602624595,0.9439443283717477,multiple_basin
interior_seed20260822_0017,R2,0.0,8,8,0.5573421726942067,0.7895674595208223,0.6376141284513086,7,0.25,0.3333333333333333,0.15363111209494737,4.780166127534098e-09,1.2673977410270717e-06,0.3583734234098843,multiple_basin
interior_seed20260822_0017,R2,0.005,10,3,0.3304354003192465,1.2446274219036393,1.195697759636805,4,1.0,0.8333333333333334,0.4668101961285017,0.0002608032356576032,0.024909735522184177,0.8581214427408622,multiple_basin
interior_seed20260822_0017,R2,0.01,12,6,1.0144371701081967,1.9886122442207828,1.7889132733447388,11,1.0,0.75,0.3990763743923098,0.0006259344366694816,0.02135293118699086,0.5371287505104948,multiple_basin
interior_seed20260822_0017,R2,0.02,12,6,1.7468839890873284,2.078882423876079,2.078882423876079,8,1.0,0.4166666666666667,0.5081403104866606,0.0011588955854572108,0.023440372264403354,0.9355120987510992,multiple_basin
interior_seed20260822_0017,R3,0.0,3,3,0.47458145011147224,0.6784911144172567,0.6784911144172567,2,0.3333333333333333,0.0,0.0431869504502502,9.689386310068813e-08,2.203356601928897e-05,0.8198712840553334,multiple_basin
interior_seed20260822_0017,R3,0.005,12,6,0.87213404475373,1.665048403372132,1.665048403372132,11,1.0,0.16666666666666666,0.2900190779191737,0.00028203397122768123,0.010091912316421035,0.7139242843267553,multiple_basin
interior_seed20260822_0017,R3,0.01,12,4,1.1819223972363906,1.4689500101314739,1.4689500101314739,8,1.0,0.4166666666666667,0.3056406040458816,0.0006717473217064811,0.021431995603295787,0.6072927155671781,multiple_basin
interior_seed20260822_0017,R3,0.02,12,5,0.9360937283873629,1.3969987895559612,1.3969521802966165,10,1.0,0.5833333333333334,0.36863442382265776,0.0013044847895885216,0.030729419830345574,0.7625975824542088,multiple_basin
interior_seed20260822_0018,R2,0.0,3,3,0.7090905873334888,0.8314049026505225,0.8314049026505225,2,0.0,0.25,0.16660558639764905,7.544928725597094e-10,1.1031756094768182e-06,0.7608243329997508,multiple_basin
interior_seed20260822_0018,R2,0.005,11,7,1.227429137271059,1.8800119370873674,1.8800119370873674,10,1.0,0.3333333333333333,0.4155581613510118,0.00021043550906085833,0.02202046789010903,0.6503455534620144,multiple_basin
interior_seed20260822_0018,R2,0.01,12,7,1.2707920404182718,1.7215800564913146,1.7215800564913146,6,1.0,0.25,0.4209148320695116,0.0008223927792112499,0.0508344367149653,0.586817871165945,multiple_basin
interior_seed20260822_0018,R2,0.02,12,12,0.8144033310218383,1.6151066723118865,1.6151066723118865,11,1.0,0.8333333333333334,0.47602242287865515,0.001322055924158576,0.16173596584191546,0.5209357295173378,multiple_basin
interior_seed20260822_0018,R3,0.0,4,4,0.6472334780853161,0.8264426026617937,0.7060852056285576,3,0.25,0.08333333333333333,0.04951668869139241,4.171201014621637e-08,2.0110262029676323e-05,0.8936032105966984,multiple_basin
interior_seed20260822_0018,R3,0.005,12,9,0.9939840363423094,1.5222888495276485,1.3021772127506785,11,1.0,0.25,0.3689754884768982,0.00034931744109888585,0.00747306339995371,0.708603170637861,multiple_basin
interior_seed20260822_0018,R3,0.01,12,11,1.1278744427025629,1.6253815352649492,1.5641953304661682,11,1.0,0.16666666666666666,0.32980690127269097,0.0007399785466467771,0.038922789329274475,0.428060883925527,multiple_basin
interior_seed20260822_0018,R3,0.02,12,2,0.00773523238107981,0.4980857303595157,0.4980857303595157,2,1.0,1.0,0.4941479775582468,0.0012479407352640132,0.1045832474643657,0.9997676398616484,multiple_basin
interior_seed20260822_0020,R2,0.0,8,8,0.7774172394514811,1.3715317587489075,1.0102260007356352,7,0.25,0.25,0.10219194587615653,7.0523289147281475e-09,3.008153283701674e-07,0.5402232592829708,multiple_basin
interior_seed20260822_0020,R2,0.005,11,8,1.0074804358669234,1.6650261930494707,1.4591995386674448,10,0.8181818181818182,0.08333333333333333,0.4277247477695913,0.00021026404165063226,0.005820267525942027,0.7569126517614994,multiple_basin
interior_seed20260822_0020,R2,0.01,12,6,1.3610776325822398,1.736185712651874,1.6916503527970332,8,1.0,0.4166666666666667,0.4674198826630173,0.0007955325600353445,0.020322203390755512,0.8335586735550988,multiple_basin
interior_seed20260822_0020,R2,0.02,12,11,0.5933008056570869,1.900613907137328,1.6248458340768448,11,0.6666666666666666,0.9166666666666666,0.4242038108873352,0.0015323198204329072,0.035555508430170885,0.88121239983563,multiple_basin
interior_seed20260822_0020,R3,0.0,6,6,0.4510764221089968,0.6994634009418288,0.5120257642602198,5,0.16666666666666666,0.16666666666666666,0.0771147269574626,3.259502738600962e-08,1.0725551048447713e-06,0.8924555083594687,multiple_basin
interior_seed20260822_0020,R3,0.005,12,9,0.6366437546796866,1.618238063322757,1.4890671704569747,9,0.75,0.5,0.35499668842953763,0.00031811393301493904,0.0058681622409200085,0.48606214944965226,multiple_basin
interior_seed20260822_0020,R3,0.01,11,6,1.0166351717542919,1.6213022470629461,1.6213022470629461,5,1.0,0.08333333333333333,0.35139010367687495,0.0010350333431016613,0.013268739336681266,0.7796917934241603,multiple_basin
interior_seed20260822_0020,R3,0.02,11,11,0.48820130792133903,1.2011066444775536,1.2011066444775536,10,0.9090909090909091,1.0,0.5050451537366412,0.001311627158712579,0.03020566234129035,0.6199357132826351,multiple_basin
