truth_id,representation,profile_date,largest_singular_value,smallest_singular_value,condition_number,numerical_rank,practical_rank,singular_value_01,singular_value_02,singular_value_03,singular_value_04,singular_value_05,singular_value_06,singular_value_07,singular_value_08,singular_value_09,singular_value_10,weakest_direction_1_singular_value,weakest_direction_1_loading_kappa_slow,weakest_direction_1_loading_theta_slow,weakest_direction_1_loading_sigma_slow,weakest_direction_1_loading_rho_slow,weakest_direction_1_loading_v0_slow,weakest_direction_1_loading_kappa_fast,weakest_direction_1_loading_theta_fast,weakest_direction_1_loading_sigma_fast,weakest_direction_1_loading_rho_fast,weakest_direction_1_loading_v0_fast,weakest_direction_2_singular_value,weakest_direction_2_loading_kappa_slow,weakest_direction_2_loading_theta_slow,weakest_direction_2_loading_sigma_slow,weakest_direction_2_loading_rho_slow,weakest_direction_2_loading_v0_slow,weakest_direction_2_loading_kappa_fast,weakest_direction_2_loading_theta_fast,weakest_direction_2_loading_sigma_fast,weakest_direction_2_loading_rho_fast,weakest_direction_2_loading_v0_fast,kappa_slow,theta_slow,sigma_slow,rho_slow,v0_slow,kappa_fast,theta_fast,sigma_fast,rho_fast,v0_fast
case_1,R2,2026-07-01,0.243380776899977,1.868506775426576e-10,1302541580.8000681,10,7,0.243380776899977,0.009935025458675558,0.006898958513248399,0.0005450033281516887,0.0001537968553013487,2.3953994832125416e-05,4.469402426555839e-07,3.274974307153518e-08,1.9599187495265355e-09,1.868506775426576e-10,1.8685067754265765e-10,-0.6825486481391083,-0.49665187267408284,-0.028304878791517805,-0.024805851735982494,-0.2449737228952249,-0.08063632507334471,0.36695614795887094,-0.015625795144784974,-0.018041754755106387,0.290356568903148,1.9599187495265346e-09,0.044385040099527324,0.6164947042694684,-0.004391720426517961,-0.04464391787871033,-0.4091970135327557,-0.42641367948403264,0.15701371505200146,-0.05750437866318807,-0.01941860481518322,0.48820478979944665,0.0012799463305959691,0.007982132623684433,0.0026708294624683115,0.00470026210445294,0.19757510494045274,0.009519796020453919,0.028988064793586742,0.002328509270034011,0.004524366744341869,0.13890103427774378
case_1,R3,2026-07-01,0.35318746129795103,1.615908564316567e-07,2185689.642949125,10,9,0.35318746129795103,0.02445959450968578,0.01041477463279503,0.000779572843862929,0.000523106477109137,0.0003647243423204285,5.3102183524575095e-05,2.9144201372987334e-06,9.235437374910344e-07,1.615908564316567e-07,1.6159085643165677e-07,0.5199123533371613,0.3371280768842711,-0.025111855464954848,0.04687405516407319,0.3887057249437441,0.1314375833489979,-0.47587207679439747,0.06829286877296321,0.007970869768953944,-0.46223193226768344,9.23543737491034e-07,0.16559665366069398,-0.6663813719216718,0.15849605123949775,-0.012040248290819889,0.17010831690554384,0.6212679345360572,0.19799340829792345,-0.060953385901485344,0.06932053301310923,-0.2015314426388913,0.0027795718114211896,0.01816901331851443,0.005089990130206458,0.007408258663854004,0.2914367708905335,0.018154927051705443,0.061503692684989536,0.004211343830714666,0.0065797212536017865,0.18953043242004486
case_2,R2,2026-07-08,0.18505924579035268,2.3193574406627248e-08,7978901.507198241,10,9,0.18505924579035268,0.011419791278934008,0.011037940403127411,0.0006486481520906881,0.00033468887920444946,3.808905945639444e-05,3.9274856433779425e-06,7.330295777855849e-07,3.497052114320757e-07,2.3193574406627248e-08,2.3193574406627264e-08,-0.6688421815757689,-0.6694850600398863,0.010523427312602971,0.04059994527842364,0.040771917096584676,0.2059733595477924,0.2317079451917723,0.04431546387348388,0.003987032295876738,-0.05408409888647797,3.497052114320757e-07,0.17841009504582803,-0.0677789499204509,0.33141531440881883,0.6418489223938806,0.29401761501957097,0.3402111967838898,-0.2807007741686537,0.18267316050111201,0.05644042592308784,-0.352465254893141,0.0010758285552086204,0.010441526145690319,0.007144334051941389,0.004031616868206986,0.1522181500842833,0.0003758531210540967,0.03020788295550263,0.002439326521894534,0.008013772963733718,0.1008416311766985
case_2,R3,2026-07-08,0.2696972569089716,1.3710598767086583e-06,196707.13255529146,10,10,0.2696972569089716,0.02724874837746509,0.016482447128956065,0.0010155701820419986,0.0008597398524144708,0.0005138383817527404,6.793051228054674e-05,1.474597331824482e-05,4.189024300430908e-06,1.3710598767086583e-06,1.3710598767086583e-06,0.34589987535874434,0.4002700956411948,-0.12630582406137225,0.053615810179434974,0.31963145613375915,-0.3242035649049901,-0.49915941237808914,0.3163279394876288,-0.004113965315671351,-0.3805215923507331,4.189024300430909e-06,0.123498542212131,-0.11498143653917058,-0.4011894177471835,-0.6887268460884303,-0.12148359534676467,-0.5243384721422863,0.1546026458042903,-0.031028050909607023,-0.03126978717915075,0.14386850578767352,0.002580991618691765,0.02511701786016778,0.012017027402452331,0.00649050753293433,0.22498367084871398,0.0004995110443636809,0.06563706266245085,0.004610419156180599,0.011395788608605456,0.13360953482173285
case_3,R2,2026-07-15,0.1366633746453232,1.4372549016935248e-11,9508638619.65557,10,7,0.1366633746453232,0.009318900551529218,0.005809138183381944,0.0002472250654819122,0.00019544449928470271,1.6020158113469978e-05,2.2295101608118904e-06,1.3446811055021597e-07,6.382356680625504e-09,1.4372549016935248e-11,1.437254901693525e-11,0.8877143476411258,0.4468321430240393,0.045080744848031415,-0.0008273135001687277,0.062435980923655876,0.006960413852028249,-0.02432933141782198,0.010668463006359243,-0.0074709977334564935,-0.07458597453123778,6.3823566806255044e-09,0.4164616417843793,-0.7727224560635848,-0.006032317246189298,0.06089164778603096,-0.09125893060654389,0.07863566051196738,0.44509525512463116,-0.041951326845171506,-0.018933992299436708,0.10476435297053593,0.004382051726078241,0.006538383410071511,0.0013415680279149076,0.003008575912948478,0.11274914543575663,0.006472490397857005,0.02239043253816807,0.0024485658637545767,0.004838756017094891,0.0737547147155607
case_3,R3,2026-07-15,0.20894192179108556,3.3563798466050065e-08,6225216.791312559,10,9,0.20894192179108556,0.022771141240131756,0.008789408222495484,0.0009615185637464164,0.0005195550805127625,0.00029488113825132514,3.5308472742291366e-05,1.2990786013017095e-05,1.223627369054152e-06,3.3563798466050065e-08,3.356379846605006e-08,0.8250293615612945,0.48873560553110107,0.07829925056552307,-0.011149597011685056,0.14736829373184035,0.04889792139338757,-0.1335668243619059,0.035899386052545786,-0.014219113386474977,-0.17541239382285992,1.2236273690541522e-06,-0.44360519196089687,0.43805646217983296,-0.13714960873181742,-0.03335254672795191,0.25769585199793593,-0.26449236823398237,-0.5853182274138453,0.12952292450737402,-0.037251882572305474,-0.3070405168659682,0.011331386278155003,0.017620739069046164,0.002939423037851708,0.0051332455933210674,0.17528422921718198,0.012564186887257184,0.05320984553321378,0.00438497123141229,0.007371447058909735,0.0999631593655542
case_4,R2,2026-07-22,0.1261127328531435,7.34471324130131e-09,17170545.4944078,10,8,0.1261127328531435,0.015364741571169762,0.008089832818990936,0.0008360202602371521,0.0003683272473780882,3.433030767501744e-05,1.1593569215562645e-05,7.344551199504686e-07,5.727204909958865e-08,7.34471324130131e-09,7.344713241301309e-09,0.8719014372466899,-0.1486552100398935,0.10438134649052958,0.12517556354697995,0.16796059123136814,0.02971634321876879,-0.348479552990078,0.007836663651959022,0.026817297949954806,-0.19953126113692238,5.7272049099588665e-08,-0.07800416317171122,0.8807248974326807,0.1154402966112924,0.17283350802801214,0.060360321622687674,0.03066199787685303,-0.40491385992760043,0.02500393278613807,-0.03315894725028517,-0.06912054001467688,0.006466640119592428,0.008913114546355932,0.0009328410466781811,0.004633129959012056,0.10128609608199712,0.016632393310613124,0.02034537577243988,0.006926084009182424,0.012836680967727897,0.07000704067154048
case_4,R3,2026-07-22,0.20778799023798664,8.584818561064303e-07,242041.21352126295,10,10,0.20778799023798664,0.024494503140880194,0.024114603754807177,0.0022447901767715843,0.0015451144601384267,0.0008640167724337779,8.711347531231932e-05,4.846908426225136e-05,9.343884488044358e-06,8.584818561064303e-07,8.584818561064299e-07,0.9246817531233367,-0.18626600875287053,0.14819805223249455,0.07918112438575184,0.053461721840067616,-0.012429518915614723,-0.27381951698632284,-0.004762310139267274,0.0003400312676509222,-0.06343299248185622,9.343884488044357e-06,0.026820131621028562,-0.5891142784729921,0.41348003659236493,-0.12097636475613421,-0.2287571989781709,0.11521757876293771,0.567942417612815,-0.05023159400521886,-0.0416298663589636,0.2724045353430306,0.018733220110018954,0.02731927163810445,0.002653301450375495,0.010053129100501426,0.16647192237974398,0.03676865662528028,0.0559072942843835,0.011303564180714027,0.019860873375888044,0.10221281566849034
interior_seed20260822_0000,R2,2026-07-29,0.28499496705898225,6.749279474839076e-09,42225983.991539694,10,9,0.28499496705898225,0.01494158342933514,0.013552985066677728,0.0013986600668381846,0.0003595178845187297,7.400128682509616e-05,2.1829027198997934e-05,8.100723978227901e-07,7.093160532652536e-07,6.749279474839076e-09,6.749279474839075e-09,-0.10300839174702851,-0.5458934622252066,-0.2150368070358113,-0.7242288157330142,-0.05240937819806335,-0.07232867599759857,0.31676165918633886,-0.017772705731473888,0.0923431531281976,0.05900963639471357,7.093160532652533e-07,0.6887063769725694,-0.4030653712754883,-0.17446525500886612,0.13792031076745104,0.18002311198682863,-0.06194365467292353,-0.3230026702386017,-0.0959810099958589,0.34231094391048505,-0.21632497933139977,0.015369677753944086,0.01580325895532882,0.0048169071741721095,0.004410069291783064,0.22534632432193052,0.023783632563244474,0.03415443996261243,0.003129350504968079,0.006844869728015526,0.16891636339649116
interior_seed20260822_0000,R3,2026-07-29,0.40514407729713664,9.657025754897308e-07,419532.97793751705,10,10,0.40514407729713664,0.027149937253606055,0.02099460065355099,0.0020065073919738933,0.0009359076754208338,0.0005702444533279003,0.00011046602819825578,1.805015547028109e-05,7.965449808384239e-06,9.657025754897308e-07,9.657025754897312e-07,-0.6561921982535798,0.03234169342724155,-0.33751152239932114,-0.5016544808346715,0.08122169695488649,0.1262821380378666,0.29568542668187203,-0.053118512970846805,0.28401734123324557,-0.09660811242571224,7.965449808384239e-06,-0.08283298427941253,-0.22975826689103157,0.3169729496702789,-0.3325892486651999,-0.3151338761057431,-0.03568890506810575,0.412699721664615,0.14197493575476172,-0.5455793010437043,0.3748927875725152,0.029907880592404068,0.031329918071700234,0.00829660468204976,0.007243776401751585,0.32158798762279844,0.04265188198830386,0.06548689448372609,0.0054335861133693415,0.009776034145132105,0.23168051186981853
interior_seed20260822_0001,R2,2026-07-01,0.28649351319711186,8.796692010867499e-10,325683237.3387356,10,8,0.28649351319711186,0.012879865503974986,0.006550975267449199,0.0009514071083681576,5.990595505982632e-05,2.3120781311299565e-05,3.780507999213187e-06,3.0848671240018126e-07,2.3067248469695648e-08,8.796692010867499e-10,8.7966920108675e-10,0.4313572199822018,0.5248208856557206,-0.04594158993381861,-0.0032063794345460195,0.15393756619366208,0.2517844297205918,-0.6439536720409171,-0.03228442055732468,-0.0009583866093080525,-0.1831976222774142,2.306724846969563e-08,0.792671333403552,-0.5098289804423346,-0.018590248603135358,-0.0009965064454709426,0.10965593592475842,-0.27438753459286425,0.07477455215938447,-0.038219972692683464,-0.0009808159252764957,-0.13051464341794022,0.00994010648293491,0.018087902376296143,0.001389394928581031,0.004846828960785264,0.22846254124648321,0.017032329998833983,0.03539074483199413,0.0017597876138260814,0.004303354028890567,0.16756340586458676
interior_seed20260822_0001,R3,2026-07-01,0.4060053941141838,7.023457142215918e-08,5780705.79620691,10,9,0.4060053941141838,0.03190690915301681,0.00983155259265626,0.0012623390574942191,0.0008193510674108455,0.0001653180650880385,5.1590697222496655e-05,4.2476295915419275e-06,1.0206905284281796e-06,7.023457142215918e-08,7.023457142215917e-08,-0.5830029547303598,-0.4114657085871699,0.046944649138729894,0.004147883865314639,-0.17243270631915075,-0.19082336481621898,0.6153729475777597,0.04054482063263075,0.00014774668062808008,0.2052027210373323,1.0206905284281792e-06,0.740171438984339,-0.5426225359952205,0.16078851454271506,0.005463176822810387,-0.03940001798972881,-0.2579173593680969,0.2260137594867555,-0.10208327827332615,0.0008171039288770202,0.047398556010900206,0.021048338563438997,0.039649417586947594,0.002841765568639039,0.007424334782428432,0.3259819308796174,0.03229463083629734,0.07362447185111871,0.0031499745322321167,0.006363391910455047,0.22605516922328497
interior_seed20260822_0002,R2,2026-07-08,0.2094139270991904,2.5134175587170454e-09,83318399.03517032,10,7,0.2094139270991904,0.012727073221030866,0.009632276437206258,0.0006077013620107426,0.00036412990988881835,3.179330260510136e-05,3.923522605198925e-06,1.8797006963418632e-07,1.2037991914087141e-08,2.5134175587170454e-09,2.5134175587170463e-09,0.8387465864290176,-0.2933725671528902,0.040700929504514885,0.19056509252324172,0.20749899301461164,0.08113047819216763,-0.2415281837945389,0.014968618557636412,0.057685932226954874,-0.2468592796829742,1.2037991914087141e-08,-0.35177404465378176,0.3057068952007462,0.025316020510937294,0.49672942718709145,0.3638364334933083,0.3252432098841302,-0.3267885564748779,0.07626552139631636,0.019483903619437512,-0.4292672619669622,0.00452560743132384,0.008816433228888244,0.005383667700869504,0.004026713907026545,0.17224370587517,0.014970559032792648,0.033944566955130095,0.003724880046114706,0.006240749022811633,0.11344152170107684
interior_seed20260822_0002,R3,2026-07-08,0.3148860001526446,1.8158464051015374e-06,173410.04132727682,10,10,0.3148860001526446,0.030631446159686115,0.015116589130596624,0.0012950442722885276,0.000997994581988272,0.0007110717057207635,7.99774555432196e-05,1.009152811435523e-05,2.917258883972751e-06,1.8158464051015374e-06,1.8158464051015376e-06,-0.3832865013427185,-0.39683524545551735,0.0035366520909870204,-0.4361305250634542,-0.2896614840578459,0.09713880842217501,0.536946537461299,-0.06800425190455522,0.01259305413039514,0.3449006120945559,2.9172588839727517e-06,-0.6265931048484324,-0.24131244423480522,-0.04949389071660187,0.269769298852724,0.32923444159191695,0.44483905420034037,-0.04846435802396333,0.09279602397401011,0.06842600698382174,-0.3898783774769552,0.011095164837836772,0.02200040939210671,0.009975723912904189,0.0070367509116246365,0.26291335200530863,0.028651337511709223,0.07610331213628999,0.006181612937956118,0.009030811247551791,0.1539844527194214
interior_seed20260822_0003,R2,2026-07-15,0.2062088400058079,2.4135892743700212e-09,85436591.13650608,10,8,0.2062088400058079,0.01090151415091727,0.005951048494049001,0.0012440708771852672,0.00011384940519237236,2.0159746785878136e-05,1.4410030841988313e-05,5.465352198324636e-07,2.0169181453042086e-07,2.4135892743700212e-09,2.4135892743700225e-09,-0.9799707991484569,-0.09792090951829475,-0.08858844419149164,-0.1130850210432931,-0.018979920112764267,0.01361066251685319,0.09131519488795307,-0.0014506752904547716,-0.0062992373803200784,0.022513478127175968,2.016918145304209e-07,-0.17422579742740832,0.17011598127301505,0.3678112076541482,0.8343418878843019,0.1574288555413267,0.00622801996838741,-0.21732653608558017,0.04273031433723309,0.01841744164636919,-0.18728565368192912,0.00015968599504788996,0.009019375375493,0.0010319585700761386,0.0010311456327912697,0.16183956841875427,0.007618185913034564,0.014938648352775327,0.004324703196061667,0.009810301122093135,0.1265156559455416
interior_seed20260822_0003,R3,2026-07-15,0.32862597938695165,3.0597132603882574e-07,1074041.753001558,10,9,0.32862597938695165,0.01886287489838591,0.01729971053874612,0.0020302361459637853,0.0005784814885797528,0.0001657955672698443,5.241524928280162e-05,8.283462657683462e-06,1.3135125772372757e-06,3.0597132603882574e-07,3.0597132603882595e-07,0.901552743769246,-0.11380933492251491,-0.01403098739419984,-0.3844308801259185,-0.06732535166552998,0.014125453487024535,0.11804313298123649,-0.032104232292525486,0.012448667736581188,0.08008777415036085,1.313512577237276e-06,-0.413885321687254,-0.22292712434108528,-0.30927515882145623,-0.7409259387133824,-0.15857404426426752,0.01285931819414369,0.2663861861931682,-0.0453307271369243,-0.021743567891448153,0.1886258727264388,0.00044663759198730846,0.02519463046896534,0.0020555869547154593,0.0019227007823875931,0.2605808882377717,0.01822488542814423,0.04013798711705912,0.009062365843831221,0.016673918308574214,0.19443756906073464
interior_seed20260822_0005,R2,2026-07-22,0.19382721423876928,1.3169345229409383e-09,147180600.75296697,10,7,0.19382721423876928,0.007408606199276028,0.003233655033849646,0.0008166866698009836,4.162320913916074e-05,2.8212277839329262e-05,2.311961205199247e-06,8.652747966934913e-08,3.4334867937535403e-08,1.3169345229409383e-09,1.3169345229409387e-09,-0.5593367962154137,-0.13028231035441112,-0.02163135154194993,0.24698703555783888,-0.2609997567260627,-0.12253654315768284,0.5311757118246019,0.01487628507884265,0.38317358947614266,0.31043733525908807,3.4334867937535403e-08,-0.7162404116566382,0.4245395475611682,0.004054472107276781,-0.20608990161354165,0.16869089395440312,0.3843685233039508,-0.15846416421708717,0.022393096251440904,-0.1487798809319513,-0.20083023799834843,0.00366668755091496,0.003720363004261858,0.0015936091896382495,0.003681199848802485,0.1532722420493312,0.0020688545326838126,0.011239651401588115,0.0035345865990211753,0.0028694003503464366,0.11810126618187754
interior_seed20260822_0005,R3,2026-07-22,0.33745545398906096,2.236397085678105e-07,1508924.582982722,10,9,0.33745545398906096,0.01599437526199241,0.011497961241725134,0.0015130435472277685,0.00032475927065178694,0.00011188632167050606,5.048182472192673e-05,1.8212677664940237e-05,9.266467325936871e-07,2.236397085678105e-07,2.2363970856781058e-07,-0.7066031049113765,0.2313327076852261,0.019059370432446023,0.01896178355217536,-0.18402129988327398,0.02377951219126112,0.34946824505432705,0.05114146031437757,0.4892727981300921,0.21889208158951512,9.266467325936874e-07,-0.18486259305155298,0.61335536391544,0.05227963693060836,-0.39819285530624837,0.22128352867159962,0.3314358663573345,-0.4426422013725868,0.04538897005651536,-0.047283697282798236,-0.2632226247019645,0.0118780149129743,0.01221517097382111,0.003583254888478752,0.007404409522807001,0.2718196574793978,0.006231604715876658,0.03497160509496268,0.007320255606245912,0.0055952903262902216,0.196662117460426
interior_seed20260822_0006,R2,2026-07-29,0.2574580067953016,1.9748362561183297e-09,130369293.14906959,10,7,0.2574580067953016,0.016950443137723585,0.006396435966147392,0.00046125815557867064,0.0002807870889852173,3.198437503694696e-05,6.426803141745651e-07,1.5498926311675924e-07,3.199642607966558e-08,1.9748362561183297e-09,1.97483625611833e-09,-0.14155697190098376,-0.9820874910066782,0.004582509466115849,0.008138589629410256,0.019412285877511426,0.09433807202265324,0.0727004144904454,0.013043628791394786,0.0015776510485509005,-0.02537840622195059,3.199642607966556e-08,0.6785805525552702,-0.05595700723387739,0.12574289791734342,0.17227748439354126,0.3151165486329923,0.41082183046684856,-0.23846799245050893,0.1511498801823788,0.03252764670076901,-0.3769112706150869,0.007600479125936734,0.004747083757612317,0.004103877407317925,0.003261702260676877,0.21707189448428646,0.007582287627858136,0.04623138421043619,0.0016379676043415201,0.004171430663256024,0.13103527801957554
interior_seed20260822_0006,R3,2026-07-29,0.3693861609500292,2.3608872670058225e-07,1564607.3665283492,10,9,0.3693861609500292,0.030337031268654523,0.009371771316375455,0.0006619486006677358,0.000608528673623219,0.0004678410532619259,5.507924843996517e-05,3.4370992689858294e-06,2.4030638173843313e-06,2.3608872670058225e-07,2.3608872670058222e-07,0.254786637326343,0.8147874807884244,-0.011024967687159451,0.05746731234841575,0.2156837340137756,-0.11266979204454274,-0.3542331963640083,0.13071773278610174,-0.0037282405076808963,-0.2568753602110668,2.403063817384329e-06,-0.33188448578434127,0.2973341373637856,-0.1636989904617133,-0.21394734736449653,-0.27808328815710737,-0.701255404417228,0.18195096281998682,-0.1330658592154648,-0.027513705740830095,0.3289606888234613,0.01514743186308346,0.009542595921228048,0.006633988339499846,0.0049883408555765375,0.31633010085464097,0.012541737017759368,0.08536702410853095,0.002731097163113765,0.005735937017362822,0.1718022588783899
interior_seed20260822_0008,R2,2026-07-01,0.19596676411841055,1.0778314051999613e-09,181815786.00602606,10,8,0.19596676411841055,0.012283424238247258,0.0072768839528367804,0.00038985190475815515,0.00018795967865054092,2.3254045942413974e-05,2.8989637840667255e-07,2.0292899618395543e-07,2.055562104756661e-08,1.0778314051999613e-09,1.0778314051999611e-09,-0.1413924470504201,-0.985102608049208,-0.0213453527386802,0.03419566860923938,-0.0023433028832771097,0.033877889850561074,0.08242429201132925,0.003011134005531709,0.00013263883941292375,-9.366328318488604e-05,2.0555621047566605e-08,-0.16764911202337046,0.06604495383806647,-0.45863410865125004,0.757628801612727,-0.1907221410027478,-0.22918247994895208,0.1622099792972585,-0.1236262629614266,0.0031453429153389333,0.22952173103027976,0.012416165544354384,0.004198124115637944,0.002218600134316156,0.0013990090299722182,0.16503202591066518,0.002330534933340451,0.03444779477135076,0.0021616015293147452,0.007015909336583364,0.09973356596329293
interior_seed20260822_0008,R3,2026-07-01,0.28267132584029636,1.2609231761271986e-07,2241780.7142580524,10,9,0.28267132584029636,0.028012526315132288,0.010009233061603418,0.000789805678740061,0.00048148475640595346,0.00042557484724554663,3.90038563039403e-05,1.8068393756423851e-06,8.145520766431898e-07,1.2609231761271986e-07,1.260923176127199e-07,-0.16173294862533552,-0.7970848767648504,0.07531585297029676,-0.08246990911262335,-0.236348633614125,0.13701792663925347,0.3658010943909431,-0.19579517211051067,-5.220732083453458e-05,0.2815024108373611,8.145520766431894e-07,0.38130111271682227,0.4925499239291073,0.09925099722412573,-0.06767940113237164,-0.3120274588037494,0.18716431713371112,0.5101174659952958,-0.25883270893641336,-0.006662582731623773,0.37137927392032855,0.02764526651314811,0.009466835849048756,0.0033615498934417396,0.002170746612934111,0.2421148917251483,0.003621999310955194,0.06865470212344216,0.003808522906145205,0.009726411854556399,0.12831131461007933
interior_seed20260822_0009,R2,2026-07-08,0.18411666116422956,1.1902143600864221e-09,154692017.95789185,10,8,0.18411666116422956,0.011225841423231802,0.007958417398290585,0.0005606074508199885,0.0002580068482385698,2.7048309862053377e-05,1.0001982418652701e-05,6.342274367509321e-07,4.2505043457546935e-08,1.1902143600864221e-09,1.1902143600864217e-09,0.7496414797475301,0.6359947171701482,0.04118966670338192,0.01693342781928752,0.06750973328573345,0.015877131069292574,-0.05062193741240985,-0.031814500680721725,-0.12926789684690473,-0.0804391845885794,4.250504345754693e-08,0.5422300597027175,-0.6543530757128653,-0.03382343243206245,0.21407371524512844,-0.04755185833653064,0.1349672024680444,0.38093847124334784,-0.12508674042365203,-0.2165873690087773,0.05185373302933133,0.006737874603801915,0.006776923402074507,0.0013441007145672769,0.005147117297134693,0.15237836931084803,0.0028227284675473043,0.02742289579055269,0.004666800245291037,0.005244326432334795,0.09970268314294786
interior_seed20260822_0009,R3,2026-07-08,0.27272125876226094,7.187847348466241e-07,379419.9369307068,10,10,0.27272125876226094,0.02577758118188351,0.01248489571087739,0.0010200902878369283,0.0006841448495719171,0.0003394408138867833,6.04684727595867e-05,2.335886532122991e-05,7.641482784486813e-06,7.187847348466241e-07,7.187847348466239e-07,-0.7402832907671678,-0.6333403937148969,-0.048015553718433954,-0.018477277696266847,-0.08282715247205957,-0.008325701354424076,0.07090301026583815,0.040529133617359644,0.15764693161965004,0.09880098600087478,7.641482784486812e-06,0.39584664706133577,-0.2798386435862818,0.12922790769754247,0.11544036052687857,-0.33141473406104827,0.24950253728899016,0.5888509252290844,-0.1852602821308238,0.16216551461172624,0.3943573964383077,0.016075707507040793,0.016656935120628914,0.0032674242352332874,0.008248857093872148,0.23005072785069822,0.0049272915850114354,0.06048350960718132,0.007798897934275309,0.008032197923461878,0.13361533712476684
interior_seed20260822_0010,R2,2026-07-15,0.2144289069261538,1.0994272638627074e-09,195036919.6528593,10,8,0.2144289069261538,0.010514949731098582,0.004914394976956079,0.000525673143877403,0.00014655653918305112,1.0201924107685073e-05,4.454886145399594e-06,1.026245299867279e-06,1.9268961659241945e-07,1.0994272638627074e-09,1.099427263862707e-09,-0.7777122060472164,-0.6208505381035355,-0.042085290524920216,-0.062375063390441104,-0.011187791194014918,0.023485731522945245,0.055164451137236004,-0.007646927206034819,-0.01046608022853386,0.012595095589503946,1.9268961659241937e-07,0.5210920812716269,-0.573252201208759,-0.24400026218980472,-0.34395004807893154,-0.07383808686063564,-0.2513509767218127,0.3670606281950784,-0.06446196639726903,-0.08170157483854691,0.0883958106417333,0.001989374040604155,0.004557419965899331,0.0015800303639092836,0.0014545752014555088,0.17520387259335124,0.013521900770909857,0.025487350759615102,0.0016847306406371197,0.003389342452705191,0.1205912922071164
interior_seed20260822_0010,R3,2026-07-15,0.33745736909762736,5.691780050977363e-07,592885.4700555074,10,10,0.33745736909762736,0.027263797413986275,0.008399154556811051,0.0008144991391183841,0.0007748809154718398,0.0004126806032814583,1.6290549208041368e-05,7.780047171179049e-06,2.481902388137619e-06,5.691780050977363e-07,5.691780050977364e-07,-0.509392975902765,-0.6579384625855887,0.036296603329813076,-0.38291207445216885,-0.08826565453379681,-0.11360154787554692,0.24884608913252754,-0.22503177326383736,0.1239868347249919,0.10518615729718978,2.4819023881376192e-06,-0.778965185113088,0.11375253033497201,-0.19520237196316428,0.32078032951261776,0.11174576665011221,0.0764918909215517,-0.2628613284544434,0.3240103084065561,-0.1707404921168285,-0.13304291436238544,0.005399305005787656,0.01259998686620143,0.0028907622170925187,0.002494201119238478,0.28230751804858056,0.02986172953196547,0.06353505436885223,0.0032860210880071837,0.006019899187111098,0.172676817468642
interior_seed20260822_0013,R2,2026-07-22,0.15405174461056595,1.274128268382964e-10,1209075635.737035,10,7,0.15405174461056595,0.007968813633374988,0.004672364098430968,0.00020490012626381531,2.5226396533062566e-05,4.232413148890434e-06,1.0263197171285992e-06,1.3077075604665392e-08,2.015202703267578e-09,1.274128268382964e-10,1.2741282683829641e-10,-0.23941418716672952,-0.7706166934176646,0.030369173972312622,0.14995149934221835,-0.026733824054303246,-0.015477406138989142,0.1163256945583256,0.10522324621086304,-0.5466870926366869,0.03159741229973079,2.0152027032675783e-09,-0.04814216316021953,0.12276118653199838,0.05309974590637653,0.3871830094463852,0.2778996209155955,0.5474953385338749,-0.5437125397550115,0.11663958115785093,-0.18428869737473935,-0.3312279737692353,0.0017944960869018677,0.0019444329954407214,0.0068226497911475425,0.004050850195431599,0.1243329606680448,0.004055421048318288,0.014135307823826505,0.00046572012904625397,0.0009808570077635569,0.08984007574155867
interior_seed20260822_0013,R3,2026-07-22,0.2597514005028844,4.592230545047905e-08,5656323.173560851,10,9,0.2597514005028844,0.016448374428232007,0.014486399557543014,0.00035350648601567856,0.00023860918120333712,0.00014341742068759382,1.3089634650320632e-05,3.0234556723836747e-06,5.747164150669526e-07,4.592230545047905e-08,4.592230545047904e-08,0.056706739045750104,0.6655671868187073,0.05904058741140265,0.3639428258822927,0.19978504606679315,0.1705447997396429,-0.39759145390119266,0.11193164377238994,-0.34895072148455536,-0.2376775917842605,5.747164150669531e-07,0.2323726082492778,0.4779442776309816,-0.04479864708537937,-0.249812487379965,0.000866709839581481,0.12998014092873025,-0.0739651024536456,-0.1690990260456947,0.7760135449766574,-0.0010552648785788765,0.005529847603130261,0.006180671235071872,0.013520200562558194,0.007646400482291457,0.2152324079477325,0.010477231240158374,0.040868824972853504,0.00094592738584946,0.0017601636071626278,0.13975814365383704
interior_seed20260822_0014,R2,2026-07-29,0.2135838633012044,9.794961340999738e-11,2180548303.0053964,10,7,0.2135838633012044,0.01334611989517594,0.0057806691506932925,0.00023171313126785364,0.00015990266801487157,7.929866601986657e-06,4.7049949754651065e-07,1.7756512549808757e-08,1.7622979907275838e-10,9.794961340999738e-11,9.794961340999737e-11,-0.0964354156280214,0.8796557712352351,0.007123077227257558,-0.10575034901182837,0.12673009684689274,0.0762862291295135,-0.393361235787665,0.0274554095221538,0.0861814456594348,-0.1444916990345244,1.7622979907275849e-10,-0.9140785778642144,-0.12996331753483495,-0.020616629809457748,-0.0704798819523713,-0.16487454285650413,0.012363156819625673,-0.11866010110473618,0.02261204335923856,0.24264465121277903,0.20340358160668964,0.01227787837346494,0.008319705658467364,0.0020684847800847795,0.003347460784525441,0.17624616714339852,0.011834561652543499,0.03412866803748065,0.004475589631581335,0.0022342795476086906,0.11489854630587724
interior_seed20260822_0014,R3,2026-07-29,0.3021532036729025,8.393163805555584e-08,3599991.73938321,10,9,0.3021532036729025,0.024335939100976665,0.008221202909963796,0.0007598836731575828,0.00036958303882190835,0.0002390105346111801,1.3360129858745177e-05,6.419418782317528e-06,3.9737403832189947e-07,8.393163805555584e-08,8.393163805555582e-08,-0.49425031331796476,-0.764225888203504,-0.013974573264292496,0.027333210188477473,-0.20306640253743574,-0.013499995934837743,0.24569155034947066,-0.0064408658675013004,0.1022981682661276,0.24175209385016988,3.973740383218994e-07,-0.619774431580067,0.045621803908694705,-0.10865178209671046,-0.02509700866375422,0.24507465344561413,-0.2569492768181272,-0.6161885979998832,0.09616745056932072,-0.03324596750398167,-0.29195351949047493,0.02393108154451247,0.016483328657211346,0.0035907414050652597,0.005006031900249239,0.2522820033415747,0.020028551732829584,0.06331128369344836,0.006443424582116281,0.0031189992842199886,0.15155160434205883
interior_seed20260822_0015,R2,2026-07-01,0.2705823006243571,3.782552241062958e-11,7153431952.292591,10,7,0.2705823006243571,0.01100303858242138,0.003917213750861083,0.0004286791346605752,5.751163793109176e-05,1.6392776769102614e-05,7.197517373398701e-07,1.6950120582379093e-08,1.886257746414394e-09,3.782552241062958e-11,3.782552241062958e-11,0.6707620043824642,-0.6650521006030133,0.02563739683456253,-0.012286592628433533,0.1174946038350293,0.04271190556326601,-0.26795348015525894,0.013201882217925433,-0.008612605364679804,-0.1389207597362393,1.8862577464143943e-09,-0.4404704800709507,-0.7123217764408364,-0.016672393228725105,0.032875895296475485,-0.170451168969335,-0.09339298343270988,0.4672788375982472,-0.031000061276199052,-0.0018993646656111102,0.20033640706774736,0.008519233741045504,0.003948417181770224,0.0008124424526340348,0.0025429574303802304,0.22155951553148315,0.006259947862948574,0.03128179079964469,0.0014933842230129297,0.002865811394590216,0.15211603058717096
interior_seed20260822_0015,R3,2026-07-01,0.3942037145826363,3.742161848225281e-08,10534117.19136593,10,8,0.3942037145826363,0.027004201075092486,0.0058944817527709,0.0005947964068955732,0.00040202158468055285,0.00015343476069037954,3.983584795643851e-05,1.4277772175297413e-06,2.7504253719355364e-07,3.742161848225281e-08,3.742161848225282e-08,-0.5605722336008838,0.7548261887875293,-0.025758363425900828,0.008010827816229804,-0.13269173761330066,-0.09165127028838868,0.2527038064334642,-0.016842741030525094,0.01411162630907169,0.15785894558986452,2.750425371935536e-07,0.1403993213365423,0.4877552480321839,-0.04745915596985141,-0.0014518004356934848,0.35677600869943077,0.1993941080536886,-0.6158626506088625,0.10903836282892435,-0.041092745931911444,-0.42451908780853587,0.019275767275142675,0.009004125500369138,0.0018717306138375267,0.003963182931762718,0.3292627413871152,0.012065072890024104,0.06584967235215304,0.0027090115078783157,0.004241152405796236,0.20680477974859465
interior_seed20260822_0016,R2,2026-07-08,0.21550504422549677,1.1634793578027507e-09,185224639.16547817,10,8,0.21550504422549677,0.011913205201622722,0.011501175913818771,0.0009571982606878134,0.00010609046505324675,1.7046152810478263e-05,1.65094086130908e-06,5.376527393158391e-07,1.505168571960596e-08,1.1634793578027507e-09,1.1634793578027505e-09,-0.19925925194913904,-0.6282173534952749,0.02319537379839928,-0.0038069826326838996,-0.1302973923809072,-0.4507696404464057,0.5410144236846123,0.14664648130498534,-0.07786035636492762,0.1570078895501869,1.5051685719605956e-08,0.2840946902043328,0.5578911681050147,0.017767380036315287,-0.0006179718647387309,-0.035104315101558425,-0.7702882739381165,0.09461280073637718,-0.03557106930746408,-0.005640416496904554,0.05391247190695203,0.000625729472493728,0.011367451871868512,0.002802460462235802,0.011498127745663153,0.17489400762713794,0.012635977451047916,0.03148008246265307,0.0007331958402464063,0.0016107987092600304,0.12126900870899003
interior_seed20260822_0016,R3,2026-07-08,0.3148996539403176,3.28578807119592e-07,958368.7295623553,10,10,0.3148996539403176,0.02916152615362806,0.01757882396040763,0.0013696412516358903,0.0009333268129961483,0.00024272555572572632,4.174286142600472e-05,3.869738722051349e-06,1.3795007340524269e-06,3.28578807119592e-07,3.2857880711959195e-07,-0.3207808782421812,-0.649645091815094,0.049795676811931366,-0.009139295024680107,-0.17036472115576784,-0.31637739308847335,0.5441204619641395,0.0714881694004969,-0.02938562723157151,0.2033170013550032,1.3795007340524275e-06,-0.14824612639576473,-0.030546842670541287,0.13249270647952482,-0.0020665464664603346,0.05172488211671,-0.083580695899153,-0.007754482074136155,-0.9249374446737438,0.30090432007975343,-0.06129742225802916,0.0016870784843533786,0.02732266786290357,0.006343048607281795,0.017697129505522116,0.25871471367679955,0.024503683223455936,0.06953909545234505,0.0013549176842311693,0.002707839917842995,0.16383718983009607
interior_seed20260822_0017,R2,2026-07-15,0.19965118608912896,1.5572837715836839e-09,128204756.08378886,10,8,0.19965118608912896,0.01106604012359857,0.005475293501058642,0.0008433874416140652,0.000165997284072524,1.2877736344300183e-05,1.0887813512553424e-05,4.307075891631315e-07,4.0730407786842073e-08,1.5572837715836839e-09,1.557283771583684e-09,-0.954176050614633,0.24581748207659007,-0.07035574394969094,-0.10968855048577017,-0.05312418253531531,-0.0012637544775152606,0.00168534648882461,0.014571050748759648,0.07113480442819108,0.06357066120019791,4.0730407786842087e-08,-0.17777070637280182,-0.5703849819709688,-0.12416375974936088,0.5357698524254695,-0.16975557699587057,0.014534162696648147,0.5187591058852088,-0.03726830802297033,-0.02140828525660636,0.20150961537541529,0.0018934127909165474,0.009239142171183613,0.0004266528639949498,0.0018688053566424043,0.15673413720058943,0.0043229895903879175,0.014341709660069271,0.00724028888880384,0.008268249302572514,0.12251694469291469
interior_seed20260822_0017,R3,2026-07-15,0.31421880255408347,1.8035750468702197e-07,1742199.7665101527,10,9,0.31421880255408347,0.019458477244134985,0.015390283173490308,0.0013367744419044063,0.0006653904448778198,0.00013054360987785072,4.0748790884199125e-05,1.6231757818436405e-05,4.324451541201905e-06,1.8035750468702197e-07,1.8035750468702192e-07,-0.8829369418785119,-0.17368542962728095,-0.11183482801282506,0.22724639209758524,-0.10684111467703122,0.026456728351679833,0.3119708330070106,-0.009423192140682015,0.02070627745268014,0.12708047583999388,4.324451541201904e-06,0.4344024593413268,-0.3481649155217079,-0.16487870970833562,0.3672128542253524,-0.3712681278755523,-0.10373933820842182,0.3995431094460141,-0.03424826975052347,0.15371387107994955,0.44159705408588945,0.005045628333743694,0.025416666206378554,0.0011901454201051825,0.0033306356358172424,0.2490289319589995,0.009934167068289245,0.03801692349762267,0.013814353966349275,0.013968491130684577,0.18633809229362688
interior_seed20260822_0018,R2,2026-07-22,0.16410925574254273,9.446787243808378e-11,1737196482.8582687,10,7,0.16410925574254273,0.006319192583318341,0.004826833384021509,0.00034446157909966585,3.03352196517068e-05,5.311593521193936e-06,1.0006597174450397e-06,1.2803684701165189e-08,2.2212883153858693e-09,9.446787243808378e-11,9.446787243808377e-11,0.12217523003224239,-0.721392421842344,-0.06806236042878047,-0.45537004480393906,-0.12647703004517097,-0.05273830732188958,0.3342464889833801,-0.06325039021991517,0.3093409188249581,0.14993640236695066,2.2212883153858693e-09,0.3490605214155796,-0.23515495423608512,0.019155652713677234,0.3331877409175265,0.369531147373798,0.277795735156328,-0.2534957918804383,-0.0213906136714902,0.48955618839385034,-0.4397399394633241,0.0008160130181900476,0.004213118980288637,0.004625712986560324,0.0027143305808039297,0.13177012070154098,0.005246358690629458,0.015624544326720396,0.002097655425117728,0.001466133325525623,0.09646995283118638
interior_seed20260822_0018,R3,2026-07-22,0.28081262863859296,1.6614449036459817e-07,1690171.1758383298,10,9,0.28081262863859296,0.017961548987223956,0.01174313012211523,0.0006560180405755085,0.00034988694297577824,0.00015060653784848668,1.9571966036567617e-05,3.261663892057613e-06,1.2553978747652149e-06,1.6614449036459817e-07,1.6614449036459817e-07,0.6187373540095299,0.5539601602075633,0.01691088079893757,0.134801493222733,0.15258522975902472,-0.18709773652690262,-0.3569970112193359,-0.035243191109589365,0.2681389662786376,-0.1815476192667243,1.2553978747652153e-06,0.4369491319612804,-0.012560889782352869,-0.01905226193889502,-0.5511662867093883,-0.3533253411865836,-0.23278516464615445,0.36026571476671737,-0.11072983333233428,0.0842253120295624,0.42023362766388195,0.0025199031631423265,0.013648566226634854,0.009614124432874621,0.005420589069978193,0.23061946438027534,0.013816928913428162,0.04646168597672707,0.0036547387556360323,0.0025687739062561165,0.15312573365541546
interior_seed20260822_0020,R2,2026-07-29,0.22993419816872546,3.4192267962925366e-10,672474251.8339024,10,7,0.22993419816872546,0.011311255631062788,0.008935495442027304,0.0005251466262632289,7.188502584610522e-05,9.753593631245651e-06,2.266985090398242e-06,5.014796600268745e-08,3.34013340669374e-08,3.4192267962925366e-10,3.419226796292537e-10,0.019387931896813235,0.28586529268375,0.036513924025520436,-0.020852736267540854,-0.2548509327661452,-0.7913844037138896,-0.21147476167538945,0.16240703797634584,-0.25251532692466594,0.300061919881325,3.3401334066937404e-08,0.2164551080521839,-0.11266258691602919,-0.0922183574778484,-0.011917535606014268,0.37625269760091573,-0.4159164065717718,-0.38055591507380615,-0.12134822607640804,0.5013839559256734,-0.4542262180454799,0.0037061905346487977,0.014766493803183196,0.003851460954629259,0.0087853593403811,0.18356480522006363,0.01145808151405978,0.02943101072555762,0.000777272651553398,0.0012829217243363015,0.1343809616667943
interior_seed20260822_0020,R3,2026-07-29,0.32317578066244956,2.2394553475200182e-07,1443099.9082894675,10,9,0.32317578066244956,0.021502145199654696,0.013174298728253582,0.0007649341841003542,0.0005242605807698879,0.0001275452492688711,1.8788318774875037e-05,3.2493603981133426e-06,1.8836889627509272e-06,2.2394553475200182e-07,2.2394553475200182e-07,-0.3953099644478776,-0.42699186408723533,0.02332212806786356,-0.031924589069327866,-0.31614995381263783,0.017242559757530487,0.4483800596588785,0.29722358165950385,-0.3587515962101395,0.3761748750600126,1.883688962750928e-06,-0.12517498142633168,-0.46767823921420526,-0.07508713841845242,0.006656324684660284,0.296147774145817,0.6460816634659374,0.2063490458990659,-0.07187685213961027,0.28883037966591585,-0.3516129757885703,0.006974405888384169,0.02900662799751584,0.007001982679849122,0.013057829979313833,0.25970904371871023,0.0202574783865022,0.055722175305061475,0.0012002840787957926,0.0018100407022868376,0.18166170248584268
