case_id,case_index,distribution,noise_level,seed,start_index,start_strategy,optimizer_success_is_unique_recovery_proof,initial_kappa_slow,initial_theta_slow,initial_sigma_slow,initial_rho_slow,initial_v0_slow,initial_kappa_fast,initial_theta_fast,initial_sigma_fast,initial_rho_fast,initial_v0_fast,success,optimizer_status,optimizer_message,nfev,loss,price_rmse,price_mae,max_abs_price_error,parameter_rmse,parameter_mae,max_relative_parameter_error,boundary_near,boundary_reasons,predicted_kappa_slow,predicted_theta_slow,predicted_sigma_slow,predicted_rho_slow,predicted_v0_slow,predicted_kappa_fast,predicted_theta_fast,predicted_sigma_fast,predicted_rho_fast,predicted_v0_fast,runtime_seconds
case_1,0,interior_train,0.0,20260822,0,neutral_transform_midpoint,False,1.5250000000000001,0.1275,0.31429918305898585,0.475,0.1525,6.762505,0.101,0.5868855184710715,0.0,0.126,True,1,`gtol` termination condition is satisfied.,206,3.763661470311031e-27,1.1346407744817112e-13,9.309698215257021e-14,2.7267077484793845e-13,2.889886574717683e-11,1.8690989034286786e-11,2.262952627436237e-10,False,,0.7201001271143921,0.06273439187050246,0.21197918528816667,-0.18029788341291345,0.07306624270540085,3.7034634461665985,0.043319473994343806,0.26279660473259264,-0.1036039245741212,0.06788516143294039,48.38596825001878
case_1,0,interior_train,0.0,20260822,1,deterministic_broad_start,False,1.8025633564628878,0.05747124834542011,0.24803791287065705,0.01802890964890657,0.21701898612728798,9.595190170183407,0.01789185520849032,0.2388030977115153,-0.4696664325607068,0.04270729942273789,False,0,The maximum number of function evaluations is exceeded.,300,2.267484927909328e-09,0.00012876611942178517,9.682618467473274e-05,0.00031520327546274984,0.3903398920415329,0.1947671749189101,1.6467738200895903,True,theta_fast:near_lower_hard_bound;sigma_fast:near_lower_hard_bound,1.905942164077092,0.10895952688573395,0.2538998583726959,-0.15830158270171982,0.11343155678352433,3.514573672461221,0.0021307451300713836,0.007737782719244079,-0.017801408513713042,0.027502712884391448,68.33965004200581
case_1,0,interior_train,0.0,20260822,2,disclosed_target_perturbation,False,0.8926286038874252,0.07559364850317365,0.2682963169229958,-0.22836557248965694,0.07428387002264872,4.756957827818815,0.04892425306060462,0.2607964733337171,-0.128716556001411,0.05438713081344527,True,1,`gtol` termination condition is satisfied.,8,2.5016843477859033e-26,3.560563828491377e-13,2.850702675803782e-13,9.414691248821327e-13,7.378641785604321e-11,3.9597769507793146e-11,3.1604514671355085e-10,False,,0.7201001272329035,0.06273439187674867,0.21197918529209855,-0.1802978834099335,0.07306624270849382,3.7034634460840086,0.04331947399045589,0.2627966047237364,-0.10360392457527526,0.06788516142982315,1.9197570830001496
case_1,0,interior_train,0.01,20260922,0,neutral_transform_midpoint,False,1.5250000000000001,0.1275,0.31429918305898585,0.475,0.1525,6.762505,0.101,0.5868855184710715,0.0,0.126,False,0,The maximum number of function evaluations is exceeded.,300,5.801404278190247e-05,0.13465745898571538,0.0723586164978778,0.5528601707962792,0.5729493914835248,0.2746020922350037,2.8328278986547684,False,,0.2758000696260922,0.24045012732436408,0.2619931529324625,-0.10354965087275837,0.057999730800869606,1.964167544581628,0.0073037132166626235,0.16099663504398581,-0.19339241490468342,0.08316145641331471,64.80053124998813
case_1,0,interior_train,0.01,20260922,1,deterministic_broad_start,False,1.8025633564628878,0.05747124834542011,0.24803791287065705,0.01802890964890657,0.21701898612728798,9.595190170183407,0.01789185520849032,0.2388030977115153,-0.4696664325607068,0.04270729942273789,True,2,`ftol` termination condition is satisfied.,256,5.8009434007752114e-05,0.1347529567519734,0.072358020373175,0.5527502827141006,0.1676676630963389,0.11551713437487243,0.9744784271376432,True,sigma_fast:near_lower_hard_bound;slow_feller:near_boundary,1.0665697549725668,0.05633652897514515,0.3463824496046516,-0.2054821396018484,0.05598981002946582,3.4380827324879712,0.05530543800554545,0.006706982695440369,-0.028782010844844524,0.08524684774636301,56.02529916699859
case_1,0,interior_train,0.01,20260922,2,disclosed_target_perturbation,False,0.8926286038874252,0.07559364850317365,0.2682963169229958,-0.22836557248965694,0.07428387002264872,4.756957827818815,0.04892425306060462,0.2607964733337171,-0.128716556001411,0.05438713081344527,True,2,`ftol` termination condition is satisfied.,92,5.800971629638581e-05,0.13473691247812436,0.07235582193967162,0.5527379377878816,0.20661963329580146,0.14360667474843833,3.216986687371486,True,sigma_fast:near_lower_hard_bound;slow_feller:near_boundary,0.9767775504474367,0.06079517767021637,0.34317924506258146,-0.18737012306570414,0.05610345844297004,3.292703382572948,0.0526724694977328,0.011229525682915582,-0.4368963706670417,0.08512760340038161,19.02654116600752
case_2,1,interior_train,0.0,20261822,0,neutral_transform_midpoint,False,1.5250000000000001,0.1275,0.31429918305898585,0.475,0.1525,6.762505,0.101,0.5868855184710715,0.0,0.126,True,1,`gtol` termination condition is satisfied.,111,1.3143809385442022e-27,8.72240267882532e-14,7.004757629854827e-14,2.2382096176443156e-13,1.9766866127702502e-11,1.1936851507243774e-11,6.323327040218217e-11,False,,1.381430434895574,0.11917046583708352,0.20286162986621656,-0.6619571308251854,0.10750456633362994,5.94028001246145,0.07388374877730608,0.7311424537825306,-0.06109839331853135,0.07753806442910686,24.72730212501483
case_2,1,interior_train,0.0,20261822,1,deterministic_broad_start,False,1.8025633564628878,0.05747124834542011,0.24803791287065705,0.01802890964890657,0.21701898612728798,9.595190170183407,0.01789185520849032,0.2388030977115153,-0.4696664325607068,0.04270729942273789,True,1,`gtol` termination condition is satisfied.,95,6.044147021491074e-28,4.3729931662066926e-14,3.517216102834923e-14,1.2789769243681803e-13,1.7540383759528854e-11,8.494995679120265e-12,4.4082896009642247e-11,False,,1.381430434914814,0.11917046583854897,0.20286162986560544,-0.661957130820481,0.1075045663353897,5.9402800124551325,0.07388374877561853,0.7311424537920834,-0.06109839331736129,0.07753806442733971,23.10874949998106
case_2,1,interior_train,0.0,20261822,2,disclosed_target_perturbation,False,1.6078816455001594,0.13581868501807215,0.2527107882302298,-0.7192074799812176,0.10905577334038175,7.089282836209678,0.08152999182619426,0.771397870058906,-0.06524297624664062,0.06272180999447746,True,1,`gtol` termination condition is satisfied.,48,1.3891946991689514e-26,3.134012216245271e-13,2.460061638648732e-13,8.455458555545192e-13,1.6505828517376917e-10,7.54292982241278e-11,1.7069207906002e-10,False,,1.3814304349412028,0.11917046582822077,0.20286162985238768,-0.6619571309283455,0.10750456632394129,5.940280012001628,0.07388374878641218,0.7311424537203067,-0.061098393314123534,0.07753806443882351,10.580849542020587
case_2,1,interior_train,0.01,20261922,0,neutral_transform_midpoint,False,1.5250000000000001,0.1275,0.31429918305898585,0.475,0.1525,6.762505,0.101,0.5868855184710715,0.0,0.126,True,3,`xtol` termination condition is satisfied.,105,7.178250877774843e-05,0.13762407225803291,0.07987061109309233,0.6875689953777382,0.6991989866954202,0.34992416001468457,1.1716611374502675,True,kappa_slow:near_upper_hard_bound;rho_slow:near_lower_hard_bound;fast_feller:near_boundary,2.9999987896447267,0.13364284095432588,0.17962325523268138,-0.9493584471363775,0.09002035535503075,4.462386987731757,0.06026084980802045,0.7333576642993523,-0.03489649160666439,0.09568199685746656,21.410155416000634
case_2,1,interior_train,0.01,20261922,1,deterministic_broad_start,False,1.8025633564628878,0.05747124834542011,0.24803791287065705,0.01802890964890657,0.21701898612728798,9.595190170183407,0.01789185520849032,0.2388030977115153,-0.4696664325607068,0.04270729942273789,True,2,`ftol` termination condition is satisfied.,114,7.178250870936016e-05,0.13762407347462668,0.07987061236289653,0.6875689953774113,0.6991976298269904,0.3499236158739103,1.1716619754799495,True,kappa_slow:near_upper_hard_bound;rho_slow:near_lower_hard_bound;fast_feller:near_boundary,2.9999999473244348,0.13364275554271404,0.17962332095574188,-0.9493587593342984,0.09002052174015542,4.462394739839646,0.060260906471746756,0.7333585269770715,-0.03489597227776228,0.09568182985688628,25.881384333013557
case_2,1,interior_train,0.01,20261922,2,disclosed_target_perturbation,False,1.6078816455001594,0.13581868501807215,0.2527107882302298,-0.7192074799812176,0.10905577334038175,7.089282836209678,0.08152999182619426,0.771397870058906,-0.06524297624664062,0.06272180999447746,True,2,`ftol` termination condition is satisfied.,46,7.178250874197033e-05,0.13762407159279647,0.0798706111328314,0.6875689953780935,0.699200613318626,0.3499248132296219,1.1716619158066353,True,kappa_slow:near_upper_hard_bound;rho_slow:near_lower_hard_bound;fast_feller:near_boundary,2.9999998648899022,0.13364285515002275,0.17962324870798246,-0.9493584221788103,0.09002011593362268,4.462380458893505,0.06026085332699579,0.7333567133871298,-0.03489708424819911,0.09568223681190724,10.345150957989972
case_3,2,wide_valid_train,0.0,20262822,0,neutral_transform_midpoint,False,1.5250000000000001,0.1275,0.31429918305898585,0.475,0.1525,6.762505,0.101,0.5868855184710715,0.0,0.126,True,1,`gtol` termination condition is satisfied.,29,2.8814261449424596e-28,8.801753642835565e-14,5.808512348444685e-14,2.7000623958883807e-13,6.564782542292202e-11,3.3089705975264395e-11,9.405271992533385e-11,False,,1.3454711236483403,0.1040236832908161,0.192773806811786,-0.12436020195746182,0.1830631299571493,6.931444137916451,0.07733598233624088,0.5905528253305449,-0.28706529679041953,0.12205413745081102,6.917292083991924
case_3,2,wide_valid_train,0.0,20262822,1,deterministic_broad_start,False,1.8025633564628878,0.05747124834542011,0.24803791287065705,0.01802890964890657,0.21701898612728798,9.595190170183407,0.01789185520849032,0.2388030977115153,-0.4696664325607068,0.04270729942273789,True,1,`gtol` termination condition is satisfied.,116,4.438235994365741e-27,4.4276765963570235e-13,3.0094154325811446e-13,1.0160761121369433e-12,2.2895588284734698e-11,9.740694362214697e-12,5.289511409644049e-11,False,,1.3454711234506262,0.10402368328986461,0.19277380680182124,-0.12436020195658902,0.18306312995903282,6.931444137740885,0.07733598233161128,0.5905528253361778,-0.28706529679578274,0.12205413744892761,28.23981208400801
case_3,2,wide_valid_train,0.0,20262822,2,disclosed_target_perturbation,False,1.5715557532695195,0.12041161432614082,0.24204865431346884,-0.1569255985205494,0.18469039945726334,8.042567160993771,0.08510745405901825,0.5698009322351808,-0.3464892112599801,0.10365291963254161,True,1,`gtol` termination condition is satisfied.,84,6.158556923978629e-28,9.28622583115919e-14,6.533190269639475e-14,2.5579538487363607e-13,4.830493962727452e-11,2.402956028602077e-11,9.549525693539571e-11,False,,1.345471123393309,0.10402368328718423,0.19277380679824077,-0.12436020195551578,0.18306312995714064,6.93144413767097,0.0773359823325654,0.5905528253326616,-0.28706529679493875,0.12205413745079886,20.2942359590088
case_3,2,wide_valid_train,0.01,20262922,0,neutral_transform_midpoint,False,1.5250000000000001,0.1275,0.31429918305898585,0.475,0.1525,6.762505,0.101,0.5868855184710715,0.0,0.126,False,0,The maximum number of function evaluations is exceeded.,300,7.937785964313272e-05,0.12329424402290744,0.07972458166886473,0.44243862842125736,1.3346527510726887,0.6313954270769091,8.146674859546726,True,theta_slow:near_upper_hard_bound;v0_fast:near_upper_hard_bound,1.011488357637082,0.24996984253590662,0.05291263929808704,0.8887619288690306,0.05532891388976374,2.8676346961720993,0.047558489302022874,0.30015992199382824,-0.32846636178902566,0.24998106573714082,74.12360045799869
case_3,2,wide_valid_train,0.01,20262922,1,deterministic_broad_start,False,1.8025633564628878,0.05747124834542011,0.24803791287065705,0.01802890964890657,0.21701898612728798,9.595190170183407,0.01789185520849032,0.2388030977115153,-0.4696664325607068,0.04270729942273789,False,0,The maximum number of function evaluations is exceeded.,300,7.937790254614436e-05,0.12329403068567944,0.0797245960661031,0.44243862823010716,1.3346336531342136,0.6312333194770113,8.140835280995637,True,theta_slow:near_upper_hard_bound;v0_fast:near_upper_hard_bound,1.0126171095572924,0.24996157619142864,0.05290311483402345,0.8880357177010612,0.05533428512057182,2.867422477128815,0.047465851724968214,0.30017791698113366,-0.32842282949329216,0.2499757366002651,68.86450458300533
case_3,2,wide_valid_train,0.01,20262922,2,disclosed_target_perturbation,False,1.5715557532695195,0.12041161432614082,0.24204865431346884,-0.1569255985205494,0.18469039945726334,8.042567160993771,0.08510745405901825,0.5698009322351808,-0.3464892112599801,0.10365291963254161,False,0,The maximum number of function evaluations is exceeded.,300,7.937787896515356e-05,0.1232940027572337,0.07972457670528456,0.44243862824502855,1.3346735032855392,0.6312859468775998,8.144200118517562,True,theta_slow:near_upper_hard_bound;v0_fast:near_upper_hard_bound,1.0125590166075364,0.24996612064069457,0.052882048578353144,0.8884541695748471,0.05533131599421751,2.867401801625719,0.047468803036911235,0.30017602250862174,-0.328421398467919,0.24997869831302338,79.5542838749825
case_4,3,wide_valid_train,0.0,20263822,0,neutral_transform_midpoint,False,1.5250000000000001,0.1275,0.31429918305898585,0.475,0.1525,6.762505,0.101,0.5868855184710715,0.0,0.126,True,1,`gtol` termination condition is satisfied.,46,6.535488647487967e-23,2.2831188002856553e-11,1.771195621849943e-11,4.644107320928015e-11,5.695558652764438e-11,3.5162342482131234e-11,1.2974237031046923e-10,False,,2.29718794846122,0.19993119185690467,0.7611044302525924,0.18275161348640573,0.05235696725546416,7.478763310769146,0.06444403621881244,0.9115907740289443,0.6143052142771285,0.19585096645720854,11.828392124996753
case_4,3,wide_valid_train,0.0,20263822,1,deterministic_broad_start,False,1.8025633564628878,0.05747124834542011,0.24803791287065705,0.01802890964890657,0.21701898612728798,9.595190170183407,0.01789185520849032,0.2388030977115153,-0.4696664325607068,0.04270729942273789,True,1,`gtol` termination condition is satisfied.,61,2.159279847336426e-25,1.230237257394364e-12,9.201237942222344e-13,3.510081114654895e-12,4.320136965868876e-12,2.2932197807357112e-12,7.487382830498318e-12,False,,2.2971879485166844,0.19993119186175531,0.7611044302385157,0.1827516134964746,0.05235696725839741,7.478763310650486,0.06444403621224822,0.9115907741540417,0.6143052142844827,0.1958509664543135,15.684083500003908
case_4,3,wide_valid_train,0.0,20263822,2,disclosed_target_perturbation,False,2.4485796838284015,0.20991106146699484,0.8143645266199077,0.21535294474108843,0.05328295035371189,8.462948033335485,0.07164063810959943,0.9940396343913258,0.6674239462664195,0.18205664547343148,True,1,`gtol` termination condition is satisfied.,7,5.676306676258448e-25,1.9651442876505815e-12,1.5044013809900818e-12,4.916955731459893e-12,6.828759562255789e-12,4.0360735586997265e-12,1.0572801299346434e-11,False,,2.297187948543945,0.19993119186203487,0.7611044302397616,0.18275161349807043,0.05235696725862998,7.478763310641838,0.06444403621127048,0.9115907741568543,0.6143052142857762,0.1958509664540758,1.9476157080207486
case_4,3,wide_valid_train,0.01,20263922,0,neutral_transform_midpoint,False,1.5250000000000001,0.1275,0.31429918305898585,0.475,0.1525,6.762505,0.101,0.5868855184710715,0.0,0.126,True,2,`ftol` termination condition is satisfied.,76,7.002789299196653e-05,0.13429280691155526,0.08005586888927656,0.6032357045697836,0.3307694899204771,0.19669128404001768,0.7218816568250395,True,theta_slow:near_upper_hard_bound;fast_feller:near_boundary,1.6212150141050146,0.24999999884426888,0.6789001312234799,0.16862437025762883,0.0901525015296252,8.229134248387114,0.04418905688184015,0.8528043007570013,0.8551315853826209,0.1593457055379641,18.599144834006438
case_4,3,wide_valid_train,0.01,20263922,1,deterministic_broad_start,False,1.8025633564628878,0.05747124834542011,0.24803791287065705,0.01802890964890657,0.21701898612728798,9.595190170183407,0.01789185520849032,0.2388030977115153,-0.4696664325607068,0.04270729942273789,True,2,`ftol` termination condition is satisfied.,115,7.002789299835477e-05,0.1342928068752217,0.08005586871067673,0.6032357045777701,0.33076934088652066,0.196691216018357,0.7218814761618236,True,theta_slow:near_upper_hard_bound;fast_feller:near_boundary,1.6212152454837554,0.24999999831272976,0.6789001992571946,0.16862435954900995,0.09015249207064713,8.229133801090017,0.044189054086084645,0.8528042334168024,0.8551315905461322,0.15934571506258566,26.070589416020084
case_4,3,wide_valid_train,0.01,20263922,2,disclosed_target_perturbation,False,2.4485796838284015,0.20991106146699484,0.8143645266199077,0.21535294474108843,0.05328295035371189,8.462948033335485,0.07164063810959943,0.9940396343913258,0.6674239462664195,0.18205664547343148,True,2,`ftol` termination condition is satisfied.,74,7.002789298647066e-05,0.13429280643273636,0.08005586850081678,0.6032357045773011,0.33076953259194924,0.19669132870792194,0.7218820878777265,True,theta_slow:near_upper_hard_bound;fast_feller:near_boundary,1.6212154098742348,0.24999999906136366,0.6789002137835262,0.16862440873091072,0.09015252409823662,8.229134701301742,0.04418903364612582,0.8528041218127616,0.8551318490345257,0.1593456835885667,15.225557999976445
